StoreID,CustomerID,OrderID,Order Date,ProductID,Returned,Quantity,Sales
5,61,1347,2021-01-24,14,0,7,420.49
3,33,1924,2021-01-15,14,0,7,420.49
6,11,2097,2021-01-07,14,0,10,600.70
6,22,1704,2021-01-14,31,0,11,415.25
4,5,1911,2021-01-23,31,1,4,151.00
5,36,1965,2021-01-16,31,0,3,113.25
6,41,1259,2021-01-20,45,0,5,484.10
7,60,1105,2021-01-23,29,0,7,303.03
6,79,1141,2021-01-30,29,1,7,303.03
5,21,1984,2021-01-13,29,0,3,129.87
6,18,1985,2021-01-13,29,0,11,476.19
7,28,1194,2021-01-14,35,0,10,208.70
7,76,1139,2021-01-30,57,1,9,141.21
3,30,1193,2021-01-14,36,0,3,26.40
4,62,1431,2021-01-26,36,1,7,61.60
5,45,1411,2021-01-21,48,1,3,7.80
7,65,1432,2021-01-26,48,1,7,18.20
5,58,1914,2021-01-23,48,1,5,13.00
5,5,1221,2021-01-02,5,0,5,50.00
6,16,1275,2021-01-12,5,0,3,30.00
5,77,1586,2021-01-30,5,1,11,110.00
6,69,2016,2021-01-28,5,0,4,40.00
3,23,1705,2021-01-14,32,1,11,219.89
3,29,1703,2021-01-14,37,0,8,2115.68
5,59,1912,2021-01-23,37,0,5,1322.30
7,48,1132,2021-01-21,20,0,10,5629.00
2,37,1964,2021-01-16,20,1,4,2251.60
6,18,1985,2021-01-13,20,0,10,5629.00
3,20,1986,2021-01-13,20,0,11,6191.90
3,12,2096,2021-01-07,20,0,7,3940.30
7,48,1132,2021-01-21,25,0,11,5107.19
1,51,1188,2021-01-21,25,1,4,1857.16
5,45,1411,2021-01-21,25,1,10,4642.90
4,5,1911,2021-01-23,25,1,8,3714.32
5,21,1984,2021-01-13,25,0,9,4178.61
7,54,1133,2021-01-21,47,0,9,1127.97
6,66,1313,2021-01-27,47,1,11,1378.63
4,5,1911,2021-01-23,47,1,6,751.98
5,42,1095,2021-01-20,41,0,7,4237.73
2,31,1922,2021-01-15,41,0,8,4843.12
2,35,1923,2021-01-15,41,1,8,4843.12
1,83,1140,2021-01-30,19,0,5,4488.25
6,80,1138,2021-01-30,16,1,3,313.74
7,28,1194,2021-01-14,16,0,3,313.74
6,69,2016,2021-01-28,16,0,6,627.48
3,12,2096,2021-01-07,16,0,6,627.48
6,67,2076,2021-01-27,55,0,10,56.90
6,65,1232,2021-01-28,1,1,11,36.63
2,17,1851,2021-01-12,1,1,2,6.66
1,2,2002,2021-01-01,1,0,4,13.32
6,67,2076,2021-01-27,1,0,9,29.97
6,11,2097,2021-01-07,1,0,8,26.64
7,65,1432,2021-01-26,53,1,6,16.14
7,76,1139,2021-01-30,59,1,8,36.00
2,81,1137,2021-01-30,15,0,10,55.00
5,25,1702,2021-01-14,15,0,5,27.50
7,43,1778,2021-01-20,15,0,3,16.50
6,67,2076,2021-01-27,15,0,11,60.50
1,10,2095,2021-01-07,15,0,3,16.50
4,6,1223,2021-01-02,9,0,8,21.52
6,22,1704,2021-01-14,9,0,10,26.90
2,37,1964,2021-01-16,9,1,11,29.59
6,69,2016,2021-01-28,9,0,1,2.69
6,11,2097,2021-01-07,9,0,8,21.52
3,30,1193,2021-01-14,10,0,10,48.70
5,5,1221,2021-01-02,10,0,6,29.22
6,66,1313,2021-01-27,10,1,2,9.74
4,78,1142,2021-01-30,11,0,1,9.99
1,51,1188,2021-01-21,11,1,9,89.91
7,65,1432,2021-01-26,11,1,4,39.96
2,7,1747,2021-01-03,11,1,8,79.92
2,63,1791,2021-01-26,11,1,8,79.92
7,28,1194,2021-01-14,28,0,8,62.40
1,24,1589,2021-01-14,28,0,1,7.80
5,71,1686,2021-01-28,28,0,4,31.20
1,26,1706,2021-01-14,28,1,11,85.80
3,20,1986,2021-01-13,28,0,4,31.20
5,5,1221,2021-01-02,8,0,1,2.65
1,50,1408,2021-01-21,8,0,3,7.95
3,74,1721,2021-01-29,54,0,7,17.85
5,64,2160,2021-01-26,54,0,9,22.95
1,70,1231,2021-01-28,49,0,10,26.50
1,50,1408,2021-01-21,49,0,3,7.95
3,30,1193,2021-01-14,38,0,3,8.40
1,49,1187,2021-01-21,30,0,5,19.85
6,18,1985,2021-01-13,30,0,2,7.94
6,41,1259,2021-01-20,43,0,7,34.09
6,53,1407,2021-01-21,43,0,9,43.83
5,27,1584,2021-01-30,43,0,9,43.83
2,38,1748,2021-01-16,43,1,4,19.48
6,16,1275,2021-01-12,24,0,7,39.69
1,26,1706,2021-01-14,24,1,1,5.67
5,57,1913,2021-01-23,24,1,10,56.70
2,35,1923,2021-01-15,24,1,4,22.68
6,67,2076,2021-01-27,24,0,5,28.35
6,80,1138,2021-01-30,21,1,6,35.94
6,41,1259,2021-01-20,21,0,2,11.98
2,14,1329,2021-01-08,21,1,10,59.90
6,53,1407,2021-01-21,21,0,1,5.99
2,38,1748,2021-01-16,21,1,1,5.99
7,60,1105,2021-01-23,3,0,5,32.25
3,3,1155,2021-01-01,3,0,5,32.25
1,50,1408,2021-01-21,3,0,7,45.15
7,65,1432,2021-01-26,3,1,5,32.25
3,23,1705,2021-01-14,3,1,9,58.05
5,85,1786,2021-01-30,3,0,2,12.90
1,24,1589,2021-01-14,39,0,2,13.04
3,29,1703,2021-01-14,39,0,1,6.52
2,40,1283,2021-01-19,44,0,11,75.79
2,43,1312,2021-01-27,44,1,7,48.23
6,53,1407,2021-01-21,44,0,10,68.90
5,27,1584,2021-01-30,44,0,6,41.34
2,81,1137,2021-01-30,4,0,2,14.28
6,68,1314,2021-01-27,4,1,7,49.98
2,17,1851,2021-01-12,4,1,8,57.12
1,2,2002,2021-01-01,4,0,6,42.84
6,53,1407,2021-01-21,40,0,7,52.50
3,23,1705,2021-01-14,40,1,1,7.50
4,5,1911,2021-01-23,40,1,7,52.50
4,55,1102,2021-01-22,51,1,4,31.20
6,82,1445,2021-01-30,51,1,11,85.80
3,56,1101,2021-01-22,46,0,10,79.90
5,71,1686,2021-01-28,46,0,11,87.89
7,43,1778,2021-01-20,46,0,4,31.96
4,5,1911,2021-01-23,46,1,11,87.89
2,47,1131,2021-01-21,2,1,3,129.78
1,49,1187,2021-01-21,2,0,10,432.60
2,1,1570,2021-01-01,2,1,7,302.82
5,59,1912,2021-01-23,2,0,7,302.82
5,36,1965,2021-01-16,2,0,9,389.34
5,64,2160,2021-01-26,2,0,9,389.34
1,51,1188,2021-01-21,34,1,10,899.70
1,24,1589,2021-01-14,34,0,3,269.91
1,26,1706,2021-01-14,34,1,3,269.91
5,61,1347,2021-01-24,22,0,2,11.98
3,15,2075,2021-01-09,22,0,3,17.97
3,23,1705,2021-01-14,33,1,10,199.40
2,31,1922,2021-01-15,33,0,8,159.52
5,42,1095,2021-01-20,7,0,6,275.34
3,30,1193,2021-01-14,7,0,10,458.90
4,4,1222,2021-01-02,7,0,2,91.78
7,52,1410,2021-01-21,7,0,5,229.45
4,13,2098,2021-01-07,7,0,1,45.89
1,50,1408,2021-01-21,42,0,5,843.80
1,32,1565,2021-01-15,42,0,6,1012.56
5,61,1347,2021-01-24,52,0,6,392.94
5,57,1913,2021-01-23,52,1,8,523.92
6,69,2016,2021-01-28,52,0,11,720.39
5,64,2160,2021-01-26,52,0,9,589.41
4,78,1142,2021-01-30,58,0,4,519.96
5,27,1584,2021-01-30,58,0,2,259.98
3,84,1585,2021-01-30,58,1,10,1299.90
3,38,1103,2021-01-22,50,0,7,556.22
5,27,1584,2021-01-30,50,0,9,715.14
1,51,1188,2021-01-21,13,1,1,86.99
2,39,1749,2021-01-16,13,1,3,260.97
5,58,1914,2021-01-23,13,1,8,695.92
6,11,2097,2021-01-07,13,0,7,608.93
5,27,1584,2021-01-30,17,0,10,3569.90
4,5,1911,2021-01-23,17,1,5,1784.95
6,11,2097,2021-01-07,17,0,1,356.99
1,51,1188,2021-01-21,26,1,1,459.67
1,50,1408,2021-01-21,26,0,10,4596.70
5,34,1426,2021-01-15,26,1,4,1838.68
6,82,1445,2021-01-30,26,1,8,3677.36
4,75,1722,2021-01-29,26,0,3,1379.01
5,21,1984,2021-01-13,26,0,3,1379.01
6,72,2048,2021-01-29,26,1,6,2758.02
6,72,2048,2021-01-29,56,1,4,1805.08
4,78,1142,2021-01-30,27,0,1,297.50
7,28,1194,2021-01-14,27,0,4,1190.00
2,38,1748,2021-01-16,27,1,8,2380.00
1,19,1987,2021-01-13,27,0,4,1190.00
5,34,1426,2021-01-15,12,1,8,3180.32
2,7,1747,2021-01-03,12,1,9,3577.86
2,39,1749,2021-01-16,12,1,7,2782.78
6,44,2102,2021-01-20,12,0,4,1590.16
5,77,1586,2021-01-30,18,1,8,5260.40
4,13,2098,2021-01-07,18,0,10,6575.50
6,44,2102,2021-01-20,18,0,6,3945.30
6,16,1275,2021-01-12,23,0,2,1619.12
1,73,1554,2021-01-29,23,1,6,4857.36
4,27,1590,2021-01-14,23,0,3,2428.68
5,57,1913,2021-01-23,23,1,2,1619.12
3,127,1272,2021-02-19,14,1,8,480.56
3,141,1295,2021-02-24,14,0,3,180.21
2,102,1867,2021-02-06,14,0,9,540.63
7,139,1874,2021-02-23,14,0,6,360.42
1,99,2023,2021-02-05,14,0,2,120.14
2,142,2077,2021-02-24,14,0,9,540.63
6,111,1247,2021-02-11,45,0,8,774.56
5,114,1418,2021-02-13,45,0,4,387.28
6,92,1683,2021-02-03,45,0,2,193.64
2,87,1731,2021-02-02,45,0,6,580.92
6,92,1683,2021-02-03,29,0,7,303.03
2,117,1909,2021-02-16,29,1,8,346.32
5,136,1498,2021-02-20,35,0,2,41.74
2,87,1731,2021-02-02,35,0,1,20.87
4,90,1732,2021-02-02,35,0,4,83.48
7,139,1874,2021-02-23,35,0,4,83.48
6,140,2078,2021-02-24,35,0,9,187.83
2,41,1068,2021-02-02,57,1,1,15.69
1,94,1212,2021-02-03,57,0,3,47.07
1,106,1866,2021-02-09,57,1,8,125.52
2,117,1909,2021-02-16,36,1,9,79.20
3,5,1971,2021-02-05,36,0,1,8.80
2,142,2077,2021-02-24,36,0,10,88.00
4,66,2111,2021-02-03,36,0,6,52.80
5,132,1145,2021-02-20,48,0,11,28.60
2,109,1484,2021-02-11,48,0,1,2.60
6,91,1815,2021-02-13,48,1,4,10.40
2,126,1444,2021-02-19,5,1,5,50.00
1,129,1641,2021-02-20,5,0,11,110.00
7,88,1730,2021-02-02,5,1,4,40.00
6,143,2129,2021-02-25,5,1,10,100.00
1,129,1641,2021-02-20,32,0,7,139.93
3,141,1295,2021-02-24,20,0,7,3940.30
7,135,1992,2021-02-20,20,0,1,562.90
7,97,2052,2021-02-04,20,1,10,5629.00
1,129,1641,2021-02-20,25,0,10,4642.90
5,123,1661,2021-02-17,25,0,11,5107.19
7,97,2052,2021-02-04,25,1,9,4178.61
6,128,1995,2021-02-20,47,0,9,1127.97
6,140,2078,2021-02-24,47,0,4,501.32
5,101,1326,2021-02-06,19,0,11,9874.15
2,117,1909,2021-02-16,19,1,8,7181.20
6,140,2078,2021-02-24,16,0,4,418.32
5,89,1069,2021-02-02,55,0,5,28.45
2,109,1484,2021-02-11,55,0,8,45.52
3,93,1682,2021-02-03,55,0,7,39.83
6,91,1815,2021-02-13,55,1,5,28.45
4,146,1199,2021-02-26,1,0,10,33.30
7,139,1874,2021-02-23,1,0,5,16.65
5,122,1551,2021-02-17,53,0,9,24.21
4,130,1144,2021-02-20,59,0,11,49.50
1,138,1302,2021-02-23,59,0,9,40.50
5,144,1541,2021-02-25,59,0,9,40.50
7,145,2130,2021-02-25,59,0,7,31.50
7,14,1991,2021-02-20,15,1,10,55.00
7,133,1994,2021-02-20,15,1,5,27.50
4,118,1910,2021-02-16,9,1,1,2.69
6,111,1247,2021-02-11,10,0,3,14.61
3,127,1272,2021-02-19,10,1,2,9.74
3,5,1971,2021-02-05,10,0,2,9.74
5,102,2086,2021-02-09,10,0,4,19.48
2,117,1909,2021-02-16,11,1,2,19.98
4,52,1996,2021-02-20,11,0,3,29.97
3,96,2109,2021-02-03,11,1,2,19.98
5,114,1418,2021-02-13,28,0,3,23.40
1,131,1993,2021-02-20,28,0,10,78.00
3,30,2046,2021-02-06,28,0,10,78.00
2,142,2077,2021-02-24,28,0,3,23.40
4,66,2111,2021-02-03,28,0,5,39.00
7,145,2130,2021-02-25,28,0,7,54.60
3,104,1475,2021-02-09,8,0,1,2.65
2,102,1867,2021-02-06,8,0,9,23.85
6,140,2078,2021-02-24,8,0,7,18.55
2,41,1068,2021-02-02,54,1,10,25.50
3,5,1971,2021-02-05,54,0,3,7.65
5,110,1485,2021-02-11,49,0,10,26.50
1,129,1641,2021-02-20,49,0,9,23.85
4,118,1910,2021-02-16,49,1,5,13.25
3,98,2024,2021-02-05,38,0,4,11.20
7,100,2047,2021-02-06,38,0,5,14.00
5,144,1541,2021-02-25,30,0,11,43.67
5,119,1542,2021-02-16,30,0,6,23.82
4,116,1816,2021-02-13,30,0,2,7.94
3,96,2109,2021-02-03,30,1,9,35.73
7,108,1345,2021-02-10,60,1,11,56.87
3,5,1971,2021-02-05,60,0,8,41.36
5,132,1145,2021-02-20,21,0,11,65.89
2,109,1484,2021-02-11,21,0,2,11.98
5,136,1498,2021-02-20,21,0,7,41.93
7,100,2047,2021-02-06,21,0,11,65.89
7,145,2130,2021-02-25,21,0,7,41.93
3,127,1272,2021-02-19,3,1,5,32.25
3,120,1662,2021-02-17,3,0,9,58.05
1,115,1419,2021-02-13,39,0,8,52.16
4,52,1996,2021-02-20,39,0,11,71.72
4,146,1199,2021-02-26,44,0,10,68.90
3,141,1295,2021-02-24,44,0,10,68.90
5,101,1326,2021-02-06,44,0,8,55.12
6,113,1420,2021-02-13,44,0,4,27.56
5,122,1551,2021-02-17,44,0,9,62.01
1,149,1195,2021-02-26,4,0,11,78.54
4,137,1873,2021-02-23,4,1,9,64.26
1,131,1993,2021-02-20,4,0,5,35.70
1,138,1302,2021-02-23,40,0,6,45.00
5,136,1498,2021-02-20,40,0,11,82.50
3,93,1682,2021-02-03,40,0,7,52.50
6,91,1815,2021-02-13,40,1,11,82.50
4,137,1873,2021-02-23,40,1,4,30.00
1,149,1195,2021-02-26,51,0,7,54.60
3,103,1474,2021-02-09,51,1,9,70.20
1,148,1198,2021-02-26,2,0,5,216.30
1,129,1641,2021-02-20,2,0,1,43.26
6,86,1067,2021-02-02,34,0,4,359.88
4,147,1197,2021-02-26,34,0,5,449.85
6,124,1775,2021-02-18,34,0,5,449.85
3,30,2046,2021-02-06,34,0,9,809.73
5,122,1551,2021-02-17,22,0,9,53.91
6,121,1620,2021-02-17,22,1,8,47.92
6,124,1775,2021-02-18,22,0,1,5.99
5,125,1777,2021-02-18,22,0,10,59.90
2,142,2077,2021-02-24,22,0,2,11.98
5,102,2086,2021-02-09,22,0,3,17.97
2,109,1484,2021-02-11,33,0,7,139.58
2,102,1867,2021-02-06,33,0,1,19.94
6,91,1213,2021-02-03,7,0,10,458.90
5,101,1326,2021-02-06,7,0,9,413.01
5,136,1498,2021-02-20,7,0,4,183.56
5,122,1551,2021-02-17,7,0,3,137.67
1,138,1302,2021-02-23,42,0,10,1687.60
7,88,1730,2021-02-02,42,1,2,337.52
6,113,1420,2021-02-13,52,0,3,196.47
3,28,1196,2021-02-26,58,0,2,259.98
1,115,1419,2021-02-13,50,0,6,476.76
6,113,1420,2021-02-13,50,0,4,317.84
5,125,1777,2021-02-18,50,0,11,874.06
2,102,1867,2021-02-06,50,0,7,556.22
4,130,1144,2021-02-20,13,0,10,869.90
7,135,1992,2021-02-20,13,0,9,782.91
6,86,1067,2021-02-02,17,0,9,3212.91
4,116,1816,2021-02-13,17,0,4,1427.96
5,102,2086,2021-02-09,17,0,7,2498.93
4,116,1816,2021-02-13,26,0,1,459.67
6,86,1067,2021-02-02,56,0,8,3610.16
1,107,1472,2021-02-09,56,0,2,902.54
3,104,1475,2021-02-09,56,0,6,2707.62
1,129,1641,2021-02-20,56,0,1,451.27
4,97,1567,2021-02-19,27,0,11,3272.50
7,135,1992,2021-02-20,27,0,7,2082.50
3,98,2024,2021-02-05,27,0,8,2380.00
3,105,1473,2021-02-09,12,0,2,795.08
5,136,1498,2021-02-20,18,0,6,3945.30
6,113,1420,2021-02-13,23,0,8,6476.48
7,134,1497,2021-02-20,23,0,4,3238.24
4,118,1910,2021-02-16,23,1,5,4047.80
6,217,1306,2021-03-24,14,0,6,360.42
4,218,1351,2021-03-25,14,0,9,540.63
4,44,1357,2021-03-23,14,0,5,300.35
5,162,1755,2021-03-04,14,1,4,240.28
6,128,1814,2021-03-13,14,1,5,300.35
2,89,2079,2021-03-13,14,0,8,480.56
5,29,2081,2021-03-13,14,0,8,480.56
3,243,1310,2021-03-31,31,1,6,226.50
5,12,1614,2021-03-19,31,0,7,264.25
3,127,1667,2021-03-27,31,0,7,264.25
3,214,1760,2021-03-21,31,0,5,188.75
1,66,1836,2021-03-28,31,1,9,339.75
5,157,1960,2021-03-06,31,0,7,264.25
4,180,2003,2021-03-10,31,0,5,188.75
5,154,1270,2021-03-02,45,1,2,193.64
2,80,1381,2021-03-02,45,1,11,1065.02
1,153,1382,2021-03-02,45,0,4,387.28
5,62,1617,2021-03-19,45,0,11,1065.02
4,186,1653,2021-03-12,45,0,1,96.82
3,151,1716,2021-03-23,45,0,2,193.64
1,225,1821,2021-03-26,45,0,11,1065.02
7,227,2070,2021-03-26,45,0,1,96.82
3,205,1125,2021-03-18,29,0,7,303.03
7,134,1533,2021-03-18,29,0,3,129.87
3,183,1709,2021-03-10,29,0,2,86.58
7,3,1342,2021-03-21,35,1,3,62.61
2,191,1635,2021-03-13,35,0,5,104.35
5,162,1755,2021-03-04,35,1,3,62.61
2,49,1807,2021-03-31,35,1,8,166.96
2,233,1837,2021-03-28,35,0,7,146.09
2,232,1839,2021-03-28,35,0,10,208.70
4,152,1744,2021-03-19,57,0,8,125.52
4,54,1936,2021-03-04,57,1,3,47.07
1,115,2062,2021-03-11,57,0,5,78.45
2,164,1094,2021-03-04,36,0,5,44.00
1,152,1271,2021-03-02,36,1,2,17.60
6,217,1306,2021-03-24,36,0,8,70.40
5,215,1433,2021-03-23,36,0,7,61.60
6,4,1468,2021-03-13,36,0,4,35.20
2,241,1494,2021-03-31,36,0,11,96.80
5,12,1614,2021-03-19,36,0,2,17.60
2,194,1810,2021-03-13,36,0,3,26.40
1,234,2121,2021-03-30,36,1,6,52.80
6,166,1093,2021-03-04,48,0,10,26.00
5,85,1243,2021-03-19,48,0,2,5.20
4,180,1278,2021-03-26,48,1,1,2.60
2,73,1282,2021-03-28,48,1,7,18.20
2,70,1305,2021-03-24,48,1,8,20.80
7,142,1678,2021-03-05,48,0,3,7.80
4,178,1710,2021-03-10,48,0,4,10.40
2,224,2120,2021-03-30,48,0,8,20.80
2,239,1097,2021-03-31,5,0,5,50.00
7,226,1279,2021-03-26,5,1,6,60.00
2,241,1494,2021-03-31,5,0,9,90.00
5,168,1668,2021-03-30,5,1,3,30.00
4,208,1746,2021-03-19,5,0,1,10.00
7,179,1203,2021-03-10,32,1,3,59.97
2,42,1292,2021-03-16,32,0,9,179.91
4,115,1349,2021-03-25,32,0,5,99.95
4,203,1370,2021-03-17,32,0,10,199.90
5,168,1668,2021-03-30,32,1,8,159.92
7,182,1204,2021-03-10,37,0,4,1057.84
6,200,1363,2021-03-17,37,1,7,1851.22
4,152,1744,2021-03-19,37,0,9,2380.14
5,213,1762,2021-03-21,37,0,2,528.92
4,60,1813,2021-03-13,37,0,5,1322.30
1,66,1836,2021-03-28,37,1,5,1322.30
2,177,1087,2021-03-08,20,0,8,4503.20
2,24,1367,2021-03-17,20,0,11,6191.90
6,174,1538,2021-03-06,20,0,3,1688.70
6,183,1808,2021-03-13,20,0,1,562.90
4,54,1936,2021-03-04,20,1,3,1688.70
1,221,1348,2021-03-25,25,1,4,1857.16
2,24,1367,2021-03-17,25,0,11,5107.19
7,142,1650,2021-03-30,25,0,4,1857.16
3,127,1667,2021-03-27,25,0,4,1857.16
4,152,1744,2021-03-19,25,0,6,2785.74
2,233,1837,2021-03-28,25,0,4,1857.16
3,172,1961,2021-03-06,25,0,9,4178.61
7,238,2131,2021-03-31,25,0,2,928.58
2,80,1381,2021-03-02,47,1,10,1253.30
5,192,1466,2021-03-13,47,0,11,1378.63
2,241,1494,2021-03-31,47,0,3,375.99
6,128,1814,2021-03-13,47,1,4,501.32
2,168,1863,2021-03-05,47,0,9,1127.97
4,54,1936,2021-03-04,47,1,3,375.99
2,163,1938,2021-03-04,47,0,7,877.31
3,17,1201,2021-03-10,41,0,5,3026.95
7,3,1342,2021-03-21,41,1,5,3026.95
1,173,1539,2021-03-06,41,0,1,605.39
5,62,1617,2021-03-19,41,0,6,3632.34
3,127,1667,2021-03-27,41,0,7,4237.73
5,55,2138,2021-03-02,41,1,6,3632.34
5,84,1229,2021-03-07,19,1,11,9874.15
3,193,1465,2021-03-13,19,0,3,2692.95
6,175,1591,2021-03-06,19,0,4,3590.60
1,175,1959,2021-03-06,19,1,3,2692.95
2,224,2120,2021-03-30,19,0,11,9874.15
2,42,1292,2021-03-16,16,0,11,1150.38
6,73,1311,2021-03-13,16,0,7,732.06
7,3,1342,2021-03-21,16,1,4,418.32
4,54,1448,2021-03-25,16,0,4,418.32
3,40,1499,2021-03-17,16,0,1,104.58
4,149,1500,2021-03-17,16,1,1,104.58
1,173,1539,2021-03-06,16,0,5,522.90
2,171,1544,2021-03-05,16,0,11,1150.38
4,163,1700,2021-03-07,16,0,7,732.06
4,60,1813,2021-03-13,16,0,10,1045.80
3,160,1972,2021-03-03,16,0,2,209.16
2,224,2120,2021-03-30,16,0,3,313.74
3,199,1362,2021-03-17,55,0,4,22.76
4,157,1513,2021-03-03,55,1,5,28.45
3,183,1709,2021-03-10,55,0,11,62.59
3,151,1716,2021-03-23,55,0,1,5.69
5,207,1745,2021-03-19,55,0,2,11.38
2,49,1807,2021-03-31,55,1,2,11.38
7,190,2080,2021-03-13,55,1,6,34.14
4,195,2170,2021-03-13,55,0,6,34.14
2,239,1097,2021-03-31,53,0,2,5.38
1,152,1271,2021-03-02,53,1,9,24.21
4,157,1513,2021-03-03,53,1,7,18.83
2,191,1635,2021-03-13,53,0,9,24.21
3,183,1709,2021-03-10,53,0,3,8.07
3,151,1716,2021-03-23,53,0,1,2.69
4,152,1744,2021-03-19,53,0,6,16.14
6,235,1848,2021-03-30,53,0,4,10.76
7,228,2069,2021-03-26,53,0,2,5.38
5,4,1123,2021-03-18,59,0,2,9.00
1,152,1271,2021-03-02,59,1,10,45.00
7,161,1512,2021-03-03,59,0,11,49.50
4,185,2060,2021-03-11,59,1,6,27.00
4,156,2140,2021-03-02,59,0,6,27.00
2,239,1097,2021-03-31,15,0,8,44.00
2,171,1544,2021-03-05,15,0,1,5.50
5,213,1762,2021-03-21,15,0,6,33.00
6,128,1814,2021-03-13,15,1,5,27.50
2,232,1839,2021-03-28,15,0,5,27.50
3,172,1961,2021-03-06,15,0,5,27.50
2,224,2120,2021-03-30,15,0,5,27.50
5,85,1243,2021-03-19,9,0,10,26.90
4,60,1813,2021-03-13,9,0,5,13.45
6,152,2061,2021-03-11,9,0,9,24.21
2,156,2156,2021-03-24,9,1,8,21.52
1,159,1214,2021-03-03,10,0,8,38.96
2,212,1343,2021-03-21,10,1,11,53.57
3,193,1465,2021-03-13,10,0,9,43.83
5,237,1476,2021-03-31,10,0,6,29.22
1,102,1611,2021-03-10,10,0,9,43.83
6,176,1701,2021-03-07,10,0,8,38.96
3,183,1709,2021-03-10,10,0,6,29.22
1,167,1862,2021-03-05,10,0,1,4.87
7,165,1937,2021-03-04,10,0,5,24.35
4,203,1370,2021-03-17,11,0,3,29.97
7,161,1512,2021-03-03,11,0,2,19.98
7,142,1650,2021-03-30,11,0,9,89.91
3,187,1774,2021-03-12,11,0,1,9.99
5,236,1805,2021-03-31,11,1,10,99.90
7,165,1937,2021-03-04,11,0,9,89.91
4,185,2060,2021-03-11,11,1,6,59.94
5,130,2154,2021-03-24,11,1,6,59.94
2,164,1094,2021-03-04,28,0,9,70.20
6,210,1096,2021-03-20,28,1,6,46.80
1,153,1382,2021-03-02,28,0,10,78.00
7,229,1838,2021-03-28,28,0,8,62.40
7,51,1886,2021-03-26,28,0,2,15.60
2,163,1938,2021-03-04,28,0,10,78.00
5,136,1088,2021-03-08,8,0,11,29.15
2,239,1097,2021-03-31,8,0,3,7.95
4,54,1448,2021-03-25,8,0,5,13.25
7,219,1449,2021-03-25,8,0,10,26.50
7,214,1450,2021-03-25,8,0,2,5.30
2,49,1807,2021-03-31,8,1,4,10.60
6,101,1364,2021-03-17,54,0,11,28.05
5,62,1617,2021-03-19,54,0,7,17.85
6,176,1701,2021-03-07,54,0,5,12.75
2,69,1885,2021-03-26,54,1,1,2.55
5,151,2139,2021-03-02,54,1,5,12.75
7,198,1143,2021-03-17,49,0,5,13.25
7,179,1203,2021-03-10,49,1,8,21.20
1,102,1611,2021-03-10,49,0,9,23.85
2,191,1635,2021-03-13,49,0,8,21.20
3,211,1761,2021-03-21,49,0,1,2.65
1,66,1836,2021-03-28,49,1,7,18.55
4,230,1840,2021-03-28,49,0,6,15.90
2,69,1885,2021-03-26,49,1,2,5.30
7,206,1126,2021-03-18,38,0,9,25.20
6,244,1218,2021-03-31,38,0,7,19.60
1,221,1348,2021-03-25,38,1,3,8.40
4,184,1455,2021-03-11,38,0,3,8.40
3,193,1465,2021-03-13,38,0,4,11.20
4,152,1744,2021-03-19,38,0,5,14.00
2,224,2068,2021-03-26,38,0,9,25.20
5,29,2081,2021-03-13,38,0,2,5.60
2,155,2162,2021-03-02,38,0,8,22.40
6,166,1093,2021-03-04,30,0,4,15.88
4,178,1710,2021-03-10,30,0,5,19.85
7,188,1817,2021-03-25,30,1,6,23.82
5,107,2063,2021-03-11,30,0,9,35.73
6,101,1364,2021-03-17,43,0,3,14.61
7,3,1607,2021-03-26,43,0,10,48.70
3,187,1774,2021-03-12,43,0,2,9.74
6,152,2061,2021-03-11,43,0,7,34.09
6,46,2155,2021-03-24,43,1,11,53.57
4,195,2170,2021-03-13,43,0,4,19.48
1,173,1539,2021-03-06,60,0,8,41.36
5,162,1755,2021-03-04,60,1,10,51.70
6,198,1834,2021-03-28,60,0,8,41.36
7,227,2070,2021-03-26,60,0,2,10.34
2,155,2162,2021-03-02,60,0,5,25.85
5,4,1123,2021-03-18,24,0,7,39.69
6,200,1363,2021-03-17,24,1,1,5.67
2,80,1381,2021-03-02,24,1,5,28.35
2,209,1615,2021-03-19,24,1,1,5.67
6,170,1679,2021-03-05,24,0,7,39.69
2,156,2156,2021-03-24,24,1,1,5.67
1,152,1271,2021-03-02,21,1,10,59.90
3,199,1362,2021-03-17,21,0,10,59.90
7,220,1501,2021-03-25,21,1,4,23.96
4,157,1513,2021-03-03,21,1,2,11.98
4,169,1680,2021-03-05,21,0,11,65.89
2,240,1806,2021-03-31,21,0,11,65.89
2,232,1839,2021-03-28,21,0,4,23.96
2,239,1097,2021-03-31,3,0,10,64.50
4,180,1278,2021-03-26,3,1,2,12.90
6,73,1311,2021-03-13,3,0,8,51.60
4,218,1351,2021-03-25,3,0,6,38.70
4,184,1455,2021-03-11,3,0,8,51.60
7,229,1838,2021-03-28,3,0,8,51.60
7,51,1886,2021-03-26,3,0,2,12.90
2,239,1097,2021-03-31,39,0,9,58.68
7,179,1203,2021-03-10,39,1,11,71.72
3,211,1761,2021-03-21,39,0,1,6.52
3,172,1961,2021-03-06,39,0,10,65.20
1,137,2092,2021-03-16,39,0,3,19.56
4,156,2140,2021-03-02,39,0,4,26.08
3,17,1201,2021-03-10,44,0,8,55.12
7,105,1469,2021-03-13,44,0,6,41.34
2,171,1544,2021-03-05,44,0,9,62.01
2,209,1615,2021-03-19,44,1,6,41.34
2,112,1699,2021-03-08,44,0,6,41.34
2,168,1863,2021-03-05,44,0,5,34.45
6,152,2061,2021-03-11,44,0,4,27.56
3,204,1124,2021-03-18,4,0,4,28.56
7,179,1203,2021-03-10,4,1,8,57.12
2,73,1282,2021-03-28,4,1,8,57.12
3,188,1487,2021-03-12,4,1,7,49.98
7,231,1835,2021-03-28,4,0,7,49.98
2,168,1863,2021-03-05,4,0,6,42.84
6,217,1306,2021-03-24,40,0,4,30.00
3,199,1362,2021-03-17,40,0,4,30.00
3,188,1487,2021-03-12,40,1,10,75.00
4,169,1680,2021-03-05,40,0,6,45.00
3,204,1124,2021-03-18,51,0,11,85.80
3,181,1202,2021-03-10,51,1,2,15.60
1,159,1214,2021-03-03,51,0,1,7.80
3,214,1760,2021-03-21,51,0,6,46.80
2,240,1806,2021-03-31,51,0,10,78.00
6,101,1364,2021-03-17,46,0,6,47.94
2,24,1367,2021-03-17,46,0,9,71.91
4,186,1653,2021-03-12,46,0,7,55.93
3,151,1716,2021-03-23,46,0,8,63.92
2,240,1806,2021-03-31,46,0,6,47.94
2,49,1807,2021-03-31,46,1,11,87.89
3,172,1961,2021-03-06,46,0,10,79.90
3,17,1201,2021-03-10,2,0,11,475.86
7,182,1204,2021-03-10,2,0,11,475.86
6,73,1311,2021-03-13,2,0,5,216.30
2,222,1352,2021-03-25,2,0,8,346.08
4,44,1357,2021-03-23,2,0,6,259.56
7,105,1469,2021-03-13,2,0,1,43.26
7,161,1512,2021-03-03,2,0,6,259.56
2,224,2120,2021-03-30,2,0,2,86.52
7,238,2131,2021-03-31,2,0,5,216.30
5,136,1088,2021-03-08,34,0,2,179.94
7,201,1365,2021-03-17,34,0,5,449.85
4,203,1370,2021-03-17,34,0,6,539.82
5,213,1762,2021-03-21,34,0,9,809.73
3,187,1774,2021-03-12,34,0,6,539.82
6,158,1973,2021-03-03,34,1,1,89.97
7,226,1279,2021-03-26,22,1,9,53.91
2,42,1292,2021-03-16,22,0,3,17.97
2,209,1615,2021-03-19,22,1,2,11.98
2,240,1806,2021-03-31,22,0,9,53.91
2,69,1885,2021-03-26,22,1,8,47.92
3,205,1125,2021-03-18,33,0,7,139.58
3,188,1487,2021-03-12,33,1,9,179.46
2,241,1494,2021-03-31,33,0,11,219.34
4,169,1680,2021-03-05,33,0,6,119.64
4,152,1744,2021-03-19,33,0,11,219.34
7,229,1838,2021-03-28,33,0,11,219.34
7,165,1937,2021-03-04,33,0,3,59.82
4,223,2067,2021-03-26,33,0,5,99.70
3,181,1202,2021-03-10,7,1,11,504.79
7,201,1365,2021-03-17,7,0,10,458.90
2,191,1635,2021-03-13,7,0,1,45.89
3,172,1961,2021-03-06,7,0,7,321.23
2,73,1282,2021-03-28,42,1,8,1350.08
2,42,1292,2021-03-16,42,0,3,506.28
6,217,1306,2021-03-24,42,0,10,1687.60
5,62,1617,2021-03-19,42,0,6,1012.56
5,207,1745,2021-03-19,42,0,3,506.28
4,242,1969,2021-03-31,42,0,10,1687.60
6,152,2061,2021-03-11,42,0,1,168.76
3,205,1125,2021-03-18,52,0,8,523.92
5,237,1476,2021-03-31,52,0,1,65.49
3,188,1487,2021-03-12,52,1,4,261.96
7,189,1812,2021-03-13,52,0,10,654.90
3,172,1961,2021-03-06,52,0,9,589.41
5,150,2141,2021-03-02,52,0,10,654.90
1,159,1214,2021-03-03,58,0,3,389.97
5,154,1270,2021-03-02,58,1,11,1429.89
2,73,1282,2021-03-28,58,1,10,1299.90
4,218,1351,2021-03-25,58,0,11,1429.89
7,202,1369,2021-03-17,58,0,10,1299.90
5,237,1476,2021-03-31,58,0,6,779.94
2,171,1743,2021-03-19,58,0,3,389.97
2,194,1810,2021-03-13,58,0,4,519.96
2,232,1839,2021-03-28,58,0,11,1429.89
1,115,2062,2021-03-11,58,0,4,519.96
3,243,1310,2021-03-31,50,1,9,715.14
7,202,1369,2021-03-17,50,0,3,238.38
7,219,1449,2021-03-25,50,0,7,556.22
7,3,1607,2021-03-26,50,0,6,476.76
7,58,1698,2021-03-08,50,0,2,158.92
1,134,2066,2021-03-26,50,0,7,556.22
5,4,1123,2021-03-18,13,0,5,434.95
7,206,1126,2021-03-18,13,0,2,173.98
5,154,1270,2021-03-02,13,1,1,86.99
6,174,1538,2021-03-06,13,0,11,956.89
5,12,1614,2021-03-19,13,0,8,695.92
6,158,1973,2021-03-03,13,1,8,695.92
6,200,1363,2021-03-17,17,1,4,1427.96
1,102,1611,2021-03-10,17,0,10,3569.90
6,128,1814,2021-03-13,17,1,9,3212.91
7,229,1838,2021-03-28,17,0,6,2141.94
1,175,1959,2021-03-06,17,1,10,3569.90
7,179,1203,2021-03-10,26,1,7,3217.69
7,182,1204,2021-03-10,26,0,10,4596.70
6,176,1701,2021-03-07,26,0,8,3677.36
7,188,1817,2021-03-25,26,1,4,1838.68
2,163,1938,2021-03-04,26,0,6,2758.02
7,220,1501,2021-03-25,56,1,11,4963.97
5,168,1668,2021-03-30,56,1,3,1353.81
7,189,1812,2021-03-13,56,0,6,2707.62
2,224,2068,2021-03-26,56,0,7,3158.89
2,177,1087,2021-03-08,27,0,1,297.50
6,244,1218,2021-03-31,27,0,11,3272.50
1,208,1219,2021-03-31,27,1,11,3272.50
5,84,1229,2021-03-07,27,1,11,3272.50
5,154,1270,2021-03-02,27,1,10,2975.00
6,4,1468,2021-03-13,27,0,7,2082.50
6,174,1538,2021-03-06,27,0,2,595.00
7,3,1607,2021-03-26,27,0,2,595.00
1,66,1836,2021-03-28,27,1,2,595.00
5,150,2141,2021-03-02,27,0,6,1785.00
6,46,2155,2021-03-24,27,1,4,1190.00
7,226,1279,2021-03-26,12,1,10,3975.40
7,197,1290,2021-03-16,12,0,1,397.54
5,215,1433,2021-03-23,12,0,5,1987.70
3,214,1760,2021-03-21,12,0,8,3180.32
2,240,1806,2021-03-31,12,0,2,795.08
2,69,1885,2021-03-26,12,1,2,795.08
5,157,1960,2021-03-06,12,0,3,1192.62
6,158,1973,2021-03-03,12,1,1,397.54
6,210,1096,2021-03-20,18,1,6,3945.30
2,212,1343,2021-03-21,18,1,3,1972.65
7,219,1449,2021-03-25,18,0,8,5260.40
3,196,1467,2021-03-13,18,0,4,2630.20
4,157,1513,2021-03-03,18,1,10,6575.50
7,134,1533,2021-03-18,18,0,11,7233.05
1,173,1539,2021-03-06,18,0,11,7233.05
4,169,1680,2021-03-05,18,0,2,1315.10
6,176,1701,2021-03-07,18,0,11,7233.05
6,183,1808,2021-03-13,18,0,2,1315.10
7,95,1809,2021-03-13,18,0,10,6575.50
1,225,1821,2021-03-26,18,0,1,657.55
1,66,1836,2021-03-28,18,1,11,7233.05
2,239,1097,2021-03-31,23,0,3,2428.68
6,73,1311,2021-03-13,23,0,4,3238.24
5,215,1433,2021-03-23,23,0,11,8905.16
2,49,1807,2021-03-31,23,1,7,5666.92
7,229,1838,2021-03-28,23,0,11,8905.16
5,145,1864,2021-03-05,23,0,7,5666.92
4,273,1082,2021-04-15,14,1,3,180.21
4,42,1175,2021-04-09,14,1,3,180.21
1,271,1454,2021-04-26,14,0,10,600.70
2,251,1871,2021-04-01,14,1,9,540.63
7,99,2027,2021-04-17,14,0,2,120.14
2,271,1480,2021-04-14,31,0,10,377.50
7,249,1789,2021-04-01,31,0,11,415.25
7,224,1189,2021-04-21,45,1,2,193.64
7,287,1264,2021-04-24,45,0,6,580.92
3,247,1353,2021-04-01,45,0,1,96.82
7,62,1595,2021-04-01,45,1,10,968.20
3,296,1800,2021-04-30,45,1,4,387.28
7,245,2107,2021-04-10,45,0,11,1065.02
4,258,1076,2021-04-07,29,0,4,173.16
2,13,1172,2021-04-09,29,0,6,259.74
6,291,1479,2021-04-27,29,1,6,259.74
4,245,1596,2021-04-01,29,0,10,432.90
5,197,1613,2021-04-01,29,0,1,43.29
3,30,1896,2021-04-20,29,1,5,216.45
7,193,2065,2021-04-25,29,0,8,346.32
7,245,2107,2021-04-10,29,0,5,216.45
5,284,2133,2021-04-21,29,1,4,173.16
1,251,1308,2021-04-13,35,0,11,229.57
3,252,1354,2021-04-01,35,0,5,104.35
6,46,1651,2021-04-30,35,0,9,187.83
6,186,1759,2021-04-30,35,1,2,41.74
7,169,1894,2021-04-20,35,0,10,208.70
4,266,1157,2021-04-10,57,1,1,15.69
2,263,1174,2021-04-09,57,1,5,78.45
2,295,1266,2021-04-29,57,0,10,156.90
6,102,1385,2021-04-16,57,0,3,47.07
3,210,1457,2021-04-17,57,0,11,172.59
2,178,1461,2021-04-22,57,0,6,94.14
7,254,1537,2021-04-03,57,0,3,47.07
1,82,2074,2021-04-21,57,0,8,125.52
7,37,2094,2021-04-15,57,0,11,172.59
1,200,2150,2021-04-16,57,1,2,31.38
7,160,1288,2021-04-30,36,0,9,79.20
2,286,1528,2021-04-24,36,0,4,35.20
1,53,1728,2021-04-25,36,1,10,88.00
1,48,1077,2021-04-07,48,1,6,15.60
4,248,1398,2021-04-01,48,0,4,10.40
3,124,1458,2021-04-17,48,0,11,28.60
5,69,1897,2021-04-04,48,1,11,28.60
6,41,2015,2021-04-20,48,1,7,18.20
7,193,2065,2021-04-25,48,0,1,2.60
7,225,1260,2021-04-30,5,0,10,100.00
1,192,1406,2021-04-14,5,1,8,80.00
6,242,1422,2021-04-16,5,0,10,100.00
2,178,1461,2021-04-22,5,0,6,60.00
2,286,1528,2021-04-24,5,0,7,70.00
2,270,1684,2021-04-30,5,1,9,90.00
4,275,1865,2021-04-15,5,0,4,40.00
1,290,2032,2021-04-25,5,0,4,40.00
6,196,1176,2021-04-09,32,1,6,119.94
4,245,1596,2021-04-01,32,0,11,219.89
3,124,1458,2021-04-17,37,0,10,2644.60
7,254,1537,2021-04-03,37,0,4,1057.84
2,294,1782,2021-04-28,37,0,5,1322.30
5,282,2014,2021-04-20,37,1,1,264.46
7,193,2065,2021-04-25,37,0,4,1057.84
1,200,2150,2021-04-16,37,1,7,1851.22
6,257,1075,2021-04-07,20,0,7,3940.30
4,266,1157,2021-04-10,20,1,8,4503.20
6,119,1208,2021-04-09,20,1,2,1125.80
1,192,1495,2021-04-17,20,1,9,5066.10
5,237,2026,2021-04-17,20,0,3,1688.70
2,68,2084,2021-04-23,20,0,10,5629.00
4,258,1076,2021-04-07,25,0,3,1392.87
2,171,1872,2021-04-24,25,0,1,464.29
7,37,2094,2021-04-15,25,0,7,3250.03
7,199,2132,2021-04-21,25,0,11,5107.19
1,251,1308,2021-04-13,47,0,11,1378.63
5,169,1535,2021-04-21,47,0,11,1378.63
6,274,1738,2021-04-15,47,0,6,751.98
3,47,2082,2021-04-23,47,0,4,501.32
6,257,1075,2021-04-07,41,0,7,4237.73
5,215,1146,2021-04-22,41,1,10,6053.90
6,265,1156,2021-04-10,41,0,3,1816.17
6,252,1265,2021-04-24,41,1,10,6053.90
6,274,1738,2021-04-15,41,0,9,5448.51
4,257,1769,2021-04-08,41,1,3,1816.17
2,13,1172,2021-04-09,19,0,2,1795.30
3,281,1460,2021-04-17,19,0,7,6283.55
1,293,1478,2021-04-27,19,0,10,8976.50
1,250,1787,2021-04-01,19,0,8,7181.20
3,256,1079,2021-04-07,16,1,6,627.48
2,272,1164,2021-04-14,16,0,8,836.64
1,251,1308,2021-04-13,16,0,11,1150.38
3,252,1354,2021-04-01,16,0,7,732.06
1,114,1397,2021-04-01,16,0,9,941.22
4,248,1398,2021-04-01,16,0,4,418.32
3,124,1458,2021-04-17,16,0,1,104.58
2,94,2030,2021-04-17,16,0,7,732.06
6,26,1227,2021-04-26,55,0,6,34.14
3,280,1459,2021-04-17,55,0,4,22.76
3,25,1876,2021-04-23,55,0,2,11.38
7,218,2038,2021-04-04,55,0,8,45.52
1,82,2074,2021-04-21,55,0,3,17.07
2,13,1172,2021-04-09,1,0,3,9.99
2,263,1174,2021-04-09,1,1,3,9.99
1,251,1308,2021-04-13,1,0,1,3.33
3,247,1353,2021-04-01,1,0,10,33.30
1,290,1453,2021-04-26,1,0,3,9.99
2,253,1463,2021-04-02,1,0,11,36.63
2,251,1871,2021-04-01,1,1,11,36.63
3,1,1895,2021-04-20,1,0,9,29.97
5,69,1897,2021-04-04,1,1,11,36.63
2,68,2084,2021-04-23,1,0,11,36.63
1,298,1261,2021-04-30,53,1,6,16.14
4,227,1301,2021-04-11,53,0,10,26.90
6,242,1422,2021-04-16,53,0,5,13.45
1,273,1428,2021-04-30,53,1,7,18.83
6,56,1553,2021-04-23,53,1,5,13.45
7,254,2013,2021-04-20,53,0,2,5.38
2,249,1165,2021-04-14,59,0,4,18.00
6,26,1227,2021-04-26,59,0,5,22.50
1,251,1308,2021-04-13,59,0,11,49.50
4,262,1628,2021-04-09,59,1,5,22.50
1,14,1758,2021-04-30,59,0,10,45.00
4,275,1865,2021-04-15,59,0,6,27.00
3,1,1895,2021-04-20,59,0,8,36.00
4,22,1917,2021-04-04,59,1,7,31.50
4,273,1082,2021-04-15,15,1,4,22.00
5,215,1146,2021-04-22,15,1,8,44.00
6,196,1176,2021-04-09,15,1,2,11.00
2,234,1207,2021-04-09,15,1,11,60.50
3,268,1299,2021-04-11,15,0,8,44.00
2,241,1344,2021-04-16,15,0,3,16.50
4,262,1628,2021-04-09,15,1,1,5.50
4,261,1660,2021-04-08,15,0,1,5.50
6,288,1870,2021-04-24,15,0,6,33.00
4,97,2135,2021-04-20,15,0,11,60.50
4,227,1301,2021-04-11,9,0,1,2.69
1,60,1307,2021-04-13,9,0,9,24.21
2,178,1461,2021-04-22,9,0,4,10.76
1,293,1478,2021-04-27,9,0,4,10.76
4,262,1628,2021-04-09,9,1,7,18.83
3,256,1079,2021-04-07,10,1,7,34.09
2,272,1164,2021-04-14,10,0,8,38.96
1,192,1406,2021-04-14,10,1,2,9.74
6,56,1553,2021-04-23,10,1,11,53.57
5,197,1613,2021-04-01,10,0,7,34.09
6,289,1779,2021-04-25,10,1,9,43.83
3,1,1895,2021-04-20,10,0,2,9.74
5,175,1920,2021-04-10,10,0,5,24.35
7,99,2027,2021-04-17,10,0,11,53.57
2,68,2084,2021-04-23,10,0,8,38.96
2,241,1344,2021-04-16,11,0,1,9.99
6,242,1422,2021-04-16,11,0,1,9.99
3,87,1515,2021-04-10,11,1,7,69.93
3,127,1768,2021-04-08,11,0,5,49.95
4,22,1917,2021-04-04,11,1,1,9.99
2,94,2030,2021-04-17,11,0,8,79.92
1,290,2032,2021-04-25,11,0,2,19.98
7,37,2094,2021-04-15,11,0,9,89.91
4,97,2135,2021-04-20,11,0,10,99.90
7,166,1173,2021-04-09,28,0,6,46.80
1,298,1261,2021-04-30,28,1,6,46.80
2,241,1344,2021-04-16,28,0,6,46.80
6,133,1534,2021-04-21,28,0,10,78.00
7,249,1789,2021-04-01,28,0,5,39.00
3,30,1896,2021-04-20,28,1,10,78.00
5,237,2026,2021-04-17,28,0,8,62.40
2,68,2084,2021-04-23,28,0,3,23.40
2,263,1174,2021-04-09,8,1,3,7.95
4,42,1175,2021-04-09,8,1,4,10.60
6,26,1227,2021-04-26,8,0,6,15.90
5,31,1286,2021-04-30,8,0,7,18.55
7,259,1569,2021-04-08,8,0,5,13.25
3,264,1842,2021-04-10,8,0,11,29.15
3,280,1459,2021-04-17,54,0,10,25.50
1,278,1492,2021-04-16,54,0,11,28.05
4,57,1421,2021-04-16,49,0,8,21.20
3,124,1458,2021-04-17,49,0,7,18.55
2,270,1684,2021-04-30,49,1,5,13.25
6,265,1156,2021-04-10,38,0,5,14.00
2,13,1172,2021-04-09,38,0,1,2.80
4,248,1398,2021-04-01,38,0,3,8.40
3,47,2082,2021-04-23,38,0,3,8.40
2,263,1174,2021-04-09,30,1,1,3.97
6,196,1176,2021-04-09,30,1,2,7.94
1,250,1787,2021-04-01,30,0,8,31.76
4,269,1235,2021-04-12,43,1,9,43.83
1,290,1453,2021-04-26,43,0,9,43.83
7,99,2027,2021-04-17,43,0,6,29.22
4,17,2064,2021-04-29,43,0,2,9.74
1,200,2150,2021-04-16,43,1,1,4.87
1,213,1217,2021-04-02,60,0,8,41.36
3,247,1353,2021-04-01,60,0,11,56.87
6,289,1779,2021-04-25,60,1,2,10.34
6,288,1870,2021-04-24,60,0,6,31.02
3,25,1876,2021-04-23,60,0,1,5.17
3,30,1896,2021-04-20,60,1,3,15.51
7,224,1189,2021-04-21,24,1,4,22.68
1,298,1261,2021-04-30,24,1,5,28.35
7,260,1436,2021-04-08,24,0,11,62.37
3,281,1460,2021-04-17,24,0,8,45.36
2,286,1528,2021-04-24,24,0,5,28.35
7,254,1537,2021-04-03,24,0,6,34.02
3,65,1619,2021-04-11,24,0,8,45.36
1,250,1787,2021-04-01,24,0,7,39.69
1,114,1397,2021-04-01,21,0,2,11.98
6,276,1491,2021-04-16,21,1,6,35.94
4,237,1824,2021-04-14,21,1,5,29.95
4,22,1917,2021-04-04,21,1,4,23.96
7,99,2027,2021-04-17,21,0,2,11.98
2,249,1165,2021-04-14,3,0,1,6.45
6,277,1493,2021-04-16,3,0,11,70.95
3,87,1515,2021-04-10,3,1,3,19.35
7,62,1595,2021-04-01,3,1,3,19.35
7,224,1189,2021-04-21,39,1,4,26.08
4,227,1301,2021-04-11,39,0,10,65.20
4,261,1660,2021-04-08,39,0,4,26.08
3,296,1800,2021-04-30,39,1,5,32.60
7,193,2065,2021-04-25,39,0,10,65.20
3,205,1287,2021-04-30,44,0,3,20.67
3,247,1353,2021-04-01,44,0,8,55.12
6,102,1385,2021-04-16,44,0,2,13.78
7,260,1436,2021-04-08,44,0,3,20.67
6,46,1651,2021-04-30,44,0,9,62.01
2,68,2084,2021-04-23,44,0,7,48.23
3,65,1619,2021-04-11,4,0,1,7.14
4,262,1628,2021-04-09,4,1,8,57.12
3,1,1895,2021-04-20,4,0,1,7.14
6,257,1075,2021-04-07,40,0,6,45.00
3,39,1190,2021-04-21,40,0,4,30.00
6,262,1395,2021-04-23,40,0,2,15.00
6,285,1396,2021-04-23,40,0,5,37.50
3,30,1896,2021-04-20,40,1,10,75.00
3,267,2106,2021-04-10,40,0,8,60.00
4,266,1157,2021-04-10,51,1,1,7.80
3,281,1460,2021-04-17,51,0,11,85.80
4,261,1660,2021-04-08,51,0,7,54.60
3,296,1800,2021-04-30,51,1,5,39.00
5,277,1801,2021-04-24,51,0,7,54.60
7,218,2038,2021-04-04,51,0,1,7.80
2,92,1171,2021-04-09,46,1,7,55.93
1,14,1758,2021-04-30,46,0,3,23.97
6,289,1779,2021-04-25,46,1,8,63.92
1,48,1077,2021-04-07,2,1,2,86.52
2,74,1209,2021-04-09,2,0,4,173.04
3,281,1460,2021-04-17,2,0,5,216.30
3,71,2029,2021-04-17,2,0,7,302.82
7,224,1189,2021-04-21,34,1,9,809.73
7,225,1260,2021-04-30,34,0,6,539.82
7,160,1288,2021-04-30,34,0,10,899.70
4,227,1301,2021-04-11,34,0,10,899.70
2,93,1384,2021-04-16,34,0,6,539.82
3,281,1460,2021-04-17,34,0,2,179.94
3,256,1654,2021-04-27,34,1,7,629.79
6,186,1759,2021-04-30,34,1,5,449.85
4,246,1788,2021-04-01,34,0,2,179.94
3,39,1190,2021-04-21,22,0,11,65.89
6,26,1227,2021-04-26,22,0,11,65.89
4,269,1235,2021-04-12,22,1,10,59.90
4,227,1301,2021-04-11,22,0,2,11.98
6,186,1759,2021-04-30,22,1,11,65.89
3,127,1768,2021-04-08,22,0,4,23.96
4,17,2064,2021-04-29,22,0,5,29.95
3,111,1078,2021-04-07,33,1,5,99.70
6,184,1300,2021-04-11,33,0,7,139.58
1,251,1308,2021-04-13,33,0,6,119.64
6,283,1323,2021-04-20,33,0,4,79.76
2,241,1344,2021-04-16,33,0,1,19.94
2,271,1480,2021-04-14,33,0,5,99.70
4,222,1655,2021-04-27,33,0,6,119.64
5,163,1790,2021-04-01,33,0,11,219.34
1,147,2028,2021-04-17,33,0,8,159.52
4,258,1076,2021-04-07,7,0,10,458.90
5,277,1801,2021-04-24,7,0,9,413.01
7,218,2038,2021-04-04,7,0,7,321.23
6,93,1070,2021-04-21,42,0,6,1012.56
2,253,1463,2021-04-02,42,0,2,337.52
4,222,1655,2021-04-27,42,0,5,843.80
4,246,1788,2021-04-01,42,0,1,168.76
5,277,1801,2021-04-24,42,0,9,1518.84
6,93,1070,2021-04-21,52,0,4,261.96
1,290,1453,2021-04-26,52,0,6,392.94
7,249,1789,2021-04-01,52,0,5,327.45
3,71,2029,2021-04-17,52,0,4,261.96
1,18,1263,2021-04-24,58,0,2,259.98
4,248,1398,2021-04-01,58,0,8,1039.92
2,76,1435,2021-04-08,58,0,1,129.99
7,116,1982,2021-04-23,58,0,1,129.99
1,279,1248,2021-04-16,50,0,5,397.30
1,298,1261,2021-04-30,50,1,9,715.14
6,242,1422,2021-04-16,50,0,4,317.84
1,273,1428,2021-04-30,50,1,4,317.84
1,290,1453,2021-04-26,50,0,10,794.60
5,255,1916,2021-04-04,50,0,1,79.46
4,273,1082,2021-04-15,13,1,5,434.95
7,160,1288,2021-04-30,13,0,1,86.99
3,252,1354,2021-04-01,13,0,3,260.97
6,41,2015,2021-04-20,13,1,8,695.92
7,218,2038,2021-04-04,13,0,6,521.94
6,285,1396,2021-04-23,17,0,10,3569.90
7,260,1436,2021-04-08,17,0,3,1070.97
1,271,1454,2021-04-26,17,0,8,2855.92
3,124,1458,2021-04-17,17,0,1,356.99
7,62,1595,2021-04-01,17,1,3,1070.97
7,169,1894,2021-04-20,17,0,3,1070.97
4,188,1236,2021-04-12,26,1,5,2298.35
2,178,1461,2021-04-22,26,0,1,459.67
7,299,1507,2021-04-30,26,0,8,3677.36
3,87,1515,2021-04-10,26,1,5,2298.35
1,53,1728,2021-04-25,26,1,2,919.34
4,266,1157,2021-04-10,56,1,4,1805.08
6,70,1167,2021-04-03,56,0,3,1353.81
1,14,1758,2021-04-30,56,0,3,1353.81
3,189,1919,2021-04-10,56,1,8,3610.16
5,175,1920,2021-04-10,56,0,4,1805.08
2,263,1174,2021-04-09,27,1,3,892.50
2,76,1435,2021-04-08,27,0,5,1487.50
3,1,1895,2021-04-20,27,0,2,595.00
3,30,1896,2021-04-20,27,1,11,3272.50
5,255,1916,2021-04-04,27,0,6,1785.00
7,116,1982,2021-04-23,27,0,9,2677.50
1,297,2073,2021-04-30,27,0,2,595.00
7,225,1260,2021-04-30,12,0,5,1987.70
4,227,1301,2021-04-11,12,0,2,795.08
1,114,1397,2021-04-01,12,0,4,1590.16
2,253,1463,2021-04-02,12,0,8,3180.32
4,270,1481,2021-04-14,12,1,4,1590.16
7,299,1507,2021-04-30,12,0,2,795.08
4,261,1660,2021-04-08,12,0,9,3577.86
4,257,1769,2021-04-08,12,1,2,795.08
2,68,2084,2021-04-23,12,0,9,3577.86
2,292,1656,2021-04-27,18,0,9,5917.95
1,144,1781,2021-04-28,18,0,9,5917.95
5,282,2014,2021-04-20,18,1,5,3287.75
5,20,1063,2021-04-15,23,0,11,8905.16
6,276,1491,2021-04-16,23,1,6,4857.36
6,110,1394,2021-05-13,14,0,1,60.07
6,273,1523,2021-05-19,14,1,10,600.70
3,141,1526,2021-05-03,14,1,6,360.42
3,316,1588,2021-05-14,14,0,11,660.77
6,261,1696,2021-05-23,14,0,9,540.63
3,128,1918,2021-05-19,14,0,11,660.77
5,252,1226,2021-05-04,31,0,11,415.25
2,311,1358,2021-05-13,31,0,3,113.25
7,302,1371,2021-05-04,31,1,8,302.00
6,182,1391,2021-05-13,31,1,1,37.75
1,325,1575,2021-05-16,31,0,6,226.50
7,135,1632,2021-05-18,31,0,2,75.50
2,140,1859,2021-05-19,31,0,5,188.75
1,110,1903,2021-05-29,31,0,4,151.00
3,183,1928,2021-05-14,31,0,1,37.75
7,201,2071,2021-05-04,31,0,7,264.25
5,26,2104,2021-05-30,31,1,2,75.50
1,223,2136,2021-05-03,31,0,7,264.25
3,336,2174,2021-05-25,31,0,8,302.00
4,289,1496,2021-05-08,45,0,10,968.20
6,141,1547,2021-05-07,45,0,11,1065.02
6,308,1770,2021-05-27,45,0,3,290.46
6,153,1804,2021-05-22,45,1,7,677.74
5,250,1997,2021-05-12,45,0,9,871.38
4,193,2105,2021-05-30,45,0,5,484.10
4,98,1148,2021-05-14,29,1,2,86.58
7,317,1200,2021-05-14,29,0,11,476.19
3,26,1622,2021-05-20,29,0,7,303.03
5,314,1942,2021-05-14,29,1,6,259.74
5,315,1945,2021-05-14,29,0,6,259.74
5,26,2104,2021-05-30,29,1,5,216.45
7,323,1170,2021-05-15,35,1,9,187.83
1,258,1225,2021-05-04,35,1,11,229.57
1,325,1575,2021-05-16,35,0,6,125.22
3,26,1622,2021-05-20,35,0,5,104.35
4,330,1802,2021-05-22,35,0,2,41.74
6,153,1804,2021-05-22,35,1,7,146.09
6,301,1843,2021-05-12,35,0,5,104.35
1,321,1929,2021-05-14,35,0,3,62.61
5,143,1383,2021-05-02,57,0,11,172.59
3,23,1546,2021-05-07,57,0,5,78.45
1,325,1575,2021-05-16,57,0,8,125.52
5,162,1630,2021-05-18,57,1,11,172.59
3,307,1737,2021-05-05,57,0,3,47.07
6,154,1926,2021-05-30,57,0,11,172.59
5,106,2044,2021-05-26,57,0,11,172.59
7,337,2045,2021-05-26,57,0,7,109.83
1,242,1252,2021-05-08,36,0,10,88.00
2,250,1592,2021-05-18,36,0,8,70.40
6,326,1594,2021-05-18,36,0,3,26.40
3,26,1622,2021-05-20,36,0,2,17.60
6,332,1623,2021-05-20,36,1,11,96.80
3,263,1724,2021-05-19,36,0,3,26.40
1,70,1878,2021-05-19,36,1,3,26.40
2,39,2101,2021-05-02,36,1,1,8.80
2,230,1168,2021-05-15,48,1,5,13.00
7,150,1169,2021-05-15,48,0,9,23.40
7,302,1371,2021-05-04,48,1,7,18.20
1,315,1470,2021-05-27,48,1,1,2.60
4,265,1899,2021-05-28,48,0,4,10.40
6,154,1926,2021-05-30,48,0,11,28.60
6,285,1931,2021-05-14,48,0,9,23.40
4,320,1968,2021-05-14,48,0,8,20.80
3,81,1548,2021-05-07,5,0,10,100.00
3,62,1672,2021-05-11,5,0,11,110.00
5,207,1277,2021-05-12,32,0,6,119.94
3,229,1439,2021-05-19,32,0,4,79.96
4,164,1593,2021-05-18,32,0,10,199.90
1,330,1879,2021-05-20,32,1,8,159.92
6,285,1931,2021-05-14,32,0,4,79.96
6,38,1430,2021-05-06,37,0,10,2644.60
1,327,1441,2021-05-19,37,1,11,2909.06
5,230,1711,2021-05-07,37,0,3,793.38
6,3,1908,2021-05-05,37,0,5,1322.30
3,81,1548,2021-05-07,20,0,1,562.90
7,135,1632,2021-05-18,20,0,8,4503.20
3,62,1672,2021-05-11,20,0,1,562.90
1,307,1695,2021-05-23,20,1,6,3377.40
6,124,1803,2021-05-22,20,0,11,6191.90
6,289,1905,2021-05-05,20,0,5,2814.50
1,243,1933,2021-05-27,20,0,10,5629.00
4,279,1934,2021-05-27,20,0,7,3940.30
2,122,2103,2021-05-30,20,0,10,5629.00
7,71,1374,2021-05-04,25,0,3,1392.87
3,300,1527,2021-05-03,25,0,4,1857.16
4,164,1593,2021-05-18,25,0,4,1857.16
1,238,1621,2021-05-20,25,0,2,928.58
7,335,1639,2021-05-23,25,0,3,1392.87
2,218,1751,2021-05-05,25,1,1,464.29
2,10,2001,2021-05-25,25,1,11,5107.19
4,109,2091,2021-05-11,25,0,8,3714.32
1,318,1587,2021-05-14,47,0,11,1378.63
1,307,1695,2021-05-23,47,1,1,125.33
3,263,1724,2021-05-19,47,0,10,1253.30
3,128,1918,2021-05-19,47,0,6,751.98
4,279,1934,2021-05-27,47,0,6,751.98
4,4,2100,2021-05-02,47,0,10,1253.30
2,311,1358,2021-05-13,41,0,4,2421.56
7,248,1373,2021-05-04,41,0,11,6659.29
1,267,1401,2021-05-15,41,1,11,6659.29
5,143,2144,2021-05-06,41,1,7,4237.73
2,295,1089,2021-05-29,19,1,10,8976.50
7,71,1374,2021-05-04,19,0,2,1795.30
6,328,1440,2021-05-19,19,1,4,3590.60
3,93,1925,2021-05-30,19,0,3,2692.95
4,320,1968,2021-05-14,19,0,8,7181.20
4,158,2085,2021-05-22,19,0,6,5385.90
7,236,1179,2021-05-21,16,0,5,522.90
7,61,1633,2021-05-18,16,1,6,627.48
4,320,1968,2021-05-14,16,0,7,732.06
7,201,2071,2021-05-04,16,0,5,522.90
5,260,1180,2021-05-21,55,0,6,34.14
4,289,1496,2021-05-08,55,0,5,28.45
2,103,1506,2021-05-29,55,0,10,56.90
6,112,1524,2021-05-19,55,0,8,45.52
5,333,1624,2021-05-20,55,0,7,39.83
3,297,1935,2021-05-27,55,0,8,45.52
2,311,1358,2021-05-13,1,0,8,26.64
6,285,1931,2021-05-14,1,0,4,13.32
6,109,1944,2021-05-14,1,0,7,23.31
4,4,2100,2021-05-02,1,0,2,6.66
6,301,1452,2021-05-04,53,0,10,26.90
6,273,1523,2021-05-19,53,1,9,24.21
6,261,1696,2021-05-23,53,0,9,24.21
6,331,2034,2021-05-20,53,1,9,24.21
4,4,2100,2021-05-02,53,0,1,2.69
4,61,2137,2021-05-03,53,0,8,21.52
6,129,1438,2021-05-19,59,1,6,27.00
1,315,1470,2021-05-27,59,1,8,36.00
7,61,1633,2021-05-18,59,1,2,9.00
5,230,1711,2021-05-07,59,0,7,31.50
4,329,1780,2021-05-19,59,1,6,27.00
6,124,1803,2021-05-22,59,0,8,36.00
3,338,1902,2021-05-29,59,1,8,36.00
6,289,1905,2021-05-05,59,0,7,31.50
5,106,2044,2021-05-26,59,0,11,49.50
5,26,2104,2021-05-30,59,1,7,31.50
6,304,1224,2021-05-04,15,0,1,5.50
3,81,1548,2021-05-07,15,0,9,49.50
4,15,1562,2021-05-18,15,0,2,11.00
7,242,1629,2021-05-18,15,0,7,38.50
4,304,1771,2021-05-27,15,1,1,5.50
7,79,1400,2021-05-15,9,0,2,5.38
4,164,1593,2021-05-18,9,0,7,18.83
2,309,1636,2021-05-08,9,1,11,29.59
4,234,1712,2021-05-11,9,0,6,16.14
7,305,1750,2021-05-05,9,0,2,5.38
1,306,1752,2021-05-05,9,0,10,26.90
5,106,2044,2021-05-26,9,0,6,16.14
7,242,1629,2021-05-18,10,0,4,19.48
6,219,1694,2021-05-23,10,0,10,48.70
7,305,1750,2021-05-05,10,0,9,43.83
4,159,1900,2021-05-29,10,0,10,48.70
6,285,1931,2021-05-14,10,0,8,38.96
4,289,1496,2021-05-08,11,0,6,59.94
2,272,1555,2021-05-01,11,0,8,79.92
3,155,1798,2021-05-15,11,1,5,49.95
6,289,1905,2021-05-05,11,0,3,29.97
7,337,2045,2021-05-26,11,0,6,59.94
3,336,2174,2021-05-25,11,0,4,39.96
7,71,1374,2021-05-04,28,0,9,70.20
6,182,1391,2021-05-13,28,1,1,7.80
1,315,1470,2021-05-27,28,1,6,46.80
3,316,1588,2021-05-14,28,0,6,46.80
6,3,1908,2021-05-05,28,0,9,70.20
3,128,1918,2021-05-19,28,0,6,46.80
1,321,1929,2021-05-14,28,0,2,15.60
7,323,1170,2021-05-15,8,1,3,7.95
1,242,1252,2021-05-08,8,0,8,21.20
1,45,1359,2021-05-28,8,0,11,29.15
5,78,1540,2021-05-12,8,0,8,21.20
2,87,1583,2021-05-06,8,0,11,29.15
3,26,1622,2021-05-20,8,0,1,2.65
4,330,1802,2021-05-22,8,0,3,7.95
4,177,1846,2021-05-12,8,1,2,5.30
1,32,1906,2021-05-12,8,1,4,10.60
2,272,1555,2021-05-01,54,0,7,17.85
7,61,1633,2021-05-18,54,1,7,17.85
3,307,1737,2021-05-05,54,0,5,12.75
4,304,1771,2021-05-27,54,1,4,10.20
7,334,1947,2021-05-22,54,0,11,28.05
5,26,2104,2021-05-30,54,1,11,28.05
6,273,1523,2021-05-19,49,1,3,7.95
2,309,1636,2021-05-08,49,1,1,2.65
4,222,1666,2021-05-06,49,0,1,2.65
6,8,1671,2021-05-11,49,1,1,2.65
7,322,1799,2021-05-15,49,1,4,10.60
6,124,1803,2021-05-22,49,0,4,10.60
4,310,1844,2021-05-12,49,1,10,26.50
1,70,1878,2021-05-19,49,1,6,15.90
3,213,1941,2021-05-14,49,0,1,2.65
2,122,2103,2021-05-30,49,0,4,10.60
7,323,1170,2021-05-15,38,1,2,5.60
1,45,1359,2021-05-28,38,0,7,19.60
3,183,1928,2021-05-14,38,0,6,16.80
7,334,1947,2021-05-22,38,0,11,30.80
3,229,1439,2021-05-19,30,0,11,43.67
3,26,1622,2021-05-20,30,0,7,27.79
6,219,1694,2021-05-23,30,0,11,43.67
4,57,1860,2021-05-19,30,0,6,23.82
4,199,1880,2021-05-20,30,0,3,11.91
5,314,1942,2021-05-14,30,1,4,15.88
2,311,1358,2021-05-13,43,0,6,29.22
1,267,1401,2021-05-15,43,1,9,43.83
7,135,1632,2021-05-18,43,0,11,53.57
3,155,1798,2021-05-15,43,1,7,34.09
1,165,1932,2021-05-14,43,0,2,9.74
3,297,1935,2021-05-27,43,0,10,48.70
5,303,1372,2021-05-04,60,0,10,51.70
6,153,1804,2021-05-22,60,1,6,31.02
1,330,1879,2021-05-20,60,1,10,51.70
4,159,1900,2021-05-29,60,0,2,10.34
1,165,1932,2021-05-14,60,0,3,15.51
3,23,1546,2021-05-07,24,0,2,11.34
6,326,1594,2021-05-18,24,0,11,62.37
2,140,1859,2021-05-19,24,0,6,34.02
4,57,1860,2021-05-19,24,0,1,5.67
4,61,2137,2021-05-03,24,0,2,11.34
1,242,1252,2021-05-08,21,0,6,35.94
1,267,1401,2021-05-15,21,1,8,47.92
6,129,1438,2021-05-19,21,1,5,29.95
5,333,1624,2021-05-20,21,0,2,11.98
7,335,1639,2021-05-23,21,0,5,29.95
4,304,1771,2021-05-27,21,1,8,47.92
7,296,1943,2021-05-14,21,1,9,53.91
5,143,2144,2021-05-06,21,1,6,35.94
2,103,1564,2021-05-27,3,0,4,25.80
4,57,1860,2021-05-19,3,0,3,19.35
1,321,1929,2021-05-14,3,0,11,70.95
7,191,1998,2021-05-12,3,0,3,19.35
1,238,1621,2021-05-20,39,0,1,6.52
7,61,1633,2021-05-18,39,1,6,39.12
2,230,1168,2021-05-15,44,1,5,34.45
7,135,1632,2021-05-18,44,0,3,20.67
5,314,1942,2021-05-14,44,1,4,27.56
2,324,1399,2021-05-15,4,0,2,14.28
6,124,1803,2021-05-22,4,0,7,49.98
7,323,1170,2021-05-15,40,1,1,7.50
5,114,1390,2021-05-13,40,0,1,7.50
6,301,1452,2021-05-04,40,0,6,45.00
2,103,1564,2021-05-27,40,0,3,22.50
4,283,1580,2021-05-11,40,0,2,15.00
7,61,1633,2021-05-18,40,1,7,52.50
3,339,1927,2021-05-30,40,0,10,75.00
2,313,1930,2021-05-14,40,1,9,67.50
6,53,1664,2021-05-06,51,0,8,62.40
4,159,1900,2021-05-29,51,0,8,62.40
6,61,1990,2021-05-06,51,0,2,15.60
1,242,1252,2021-05-08,46,0,8,63.92
4,289,1496,2021-05-08,46,0,2,15.98
6,208,1536,2021-05-29,46,0,9,71.91
4,330,1802,2021-05-22,46,0,3,23.97
2,230,1168,2021-05-15,2,1,6,259.56
6,328,1440,2021-05-19,2,1,7,302.82
4,164,1593,2021-05-18,2,0,10,432.60
6,154,1926,2021-05-30,2,0,1,43.26
6,38,1128,2021-05-19,34,0,6,539.82
1,258,1225,2021-05-04,34,1,8,719.76
7,322,1525,2021-05-19,34,0,8,719.76
3,316,1588,2021-05-14,34,0,10,899.70
1,330,1879,2021-05-20,34,1,4,359.88
6,285,1931,2021-05-14,34,0,9,809.73
1,66,1989,2021-05-06,34,0,5,449.85
6,331,2034,2021-05-20,34,1,11,989.67
4,158,2085,2021-05-22,34,0,2,179.94
4,295,1545,2021-05-07,22,0,6,35.94
1,325,1575,2021-05-16,22,0,9,53.91
6,326,1594,2021-05-18,22,0,6,35.94
3,26,1622,2021-05-20,22,0,7,41.93
7,242,1629,2021-05-18,22,0,7,41.93
4,234,1712,2021-05-11,22,0,3,17.97
7,322,1799,2021-05-15,22,1,6,35.94
5,314,1942,2021-05-14,22,1,9,53.91
6,104,2099,2021-05-02,22,1,11,65.89
3,96,1434,2021-05-18,33,0,6,119.64
3,23,1546,2021-05-07,33,0,7,139.58
1,238,1621,2021-05-20,33,0,8,159.52
6,301,1843,2021-05-12,33,0,4,79.76
6,285,1931,2021-05-14,33,0,4,79.76
5,217,1999,2021-05-12,33,0,10,199.40
7,276,2036,2021-05-02,33,0,5,99.70
7,201,2071,2021-05-04,33,0,5,99.70
4,193,2105,2021-05-30,33,0,11,219.34
6,38,1430,2021-05-06,7,0,9,413.01
7,61,1633,2021-05-18,7,1,5,229.45
2,139,1657,2021-05-14,7,0,7,321.23
4,30,1847,2021-05-12,7,1,8,367.12
6,40,1877,2021-05-19,7,1,2,91.78
3,338,1902,2021-05-29,7,1,8,367.12
2,311,1358,2021-05-13,42,0,6,1012.56
6,38,1430,2021-05-06,42,0,8,1350.08
4,289,1496,2021-05-08,42,0,1,168.76
2,76,1631,2021-05-18,42,0,3,506.28
6,153,1804,2021-05-22,42,1,3,506.28
4,177,1846,2021-05-12,42,1,11,1856.36
4,57,1860,2021-05-19,42,0,10,1687.60
7,167,1065,2021-05-28,52,0,11,720.39
1,242,1252,2021-05-08,52,0,9,589.41
5,143,1383,2021-05-02,52,0,10,654.90
6,182,1391,2021-05-13,52,1,8,523.92
3,23,1546,2021-05-07,52,0,7,458.43
6,308,1665,2021-05-06,52,1,3,196.47
4,226,1740,2021-05-18,52,0,6,392.94
6,301,1843,2021-05-12,52,0,11,720.39
1,330,1879,2021-05-20,52,1,8,523.92
1,259,1988,2021-05-06,52,0,10,654.90
2,122,2103,2021-05-30,52,0,10,654.90
3,247,1127,2021-05-19,58,1,10,1299.90
4,319,1147,2021-05-14,58,0,1,129.99
3,23,1546,2021-05-07,58,0,5,649.95
5,302,1845,2021-05-12,58,0,8,1039.92
5,315,1945,2021-05-14,58,0,6,779.94
7,191,1998,2021-05-12,58,0,10,1299.90
7,323,1170,2021-05-15,50,1,5,397.30
7,302,1371,2021-05-04,50,1,7,556.22
3,263,1724,2021-05-19,50,0,5,397.30
3,338,1902,2021-05-29,50,1,6,476.76
3,247,1127,2021-05-19,13,1,4,347.96
1,258,1225,2021-05-04,13,1,2,173.98
7,71,1374,2021-05-04,13,0,8,695.92
5,143,1383,2021-05-02,13,0,5,434.95
7,79,1400,2021-05-15,13,0,9,782.91
3,229,1439,2021-05-19,13,0,3,260.97
4,289,1496,2021-05-08,13,0,11,956.89
6,153,1804,2021-05-22,13,1,7,608.93
7,296,1943,2021-05-14,13,1,8,695.92
5,315,1945,2021-05-14,13,0,1,86.99
6,304,1224,2021-05-04,17,0,5,1784.95
1,315,1470,2021-05-27,17,1,1,356.99
7,323,1170,2021-05-15,26,1,5,2298.35
7,317,1200,2021-05-14,26,0,5,2298.35
2,311,1358,2021-05-13,26,0,10,4596.70
3,81,1548,2021-05-07,26,0,4,1838.68
5,282,1881,2021-05-20,26,0,3,1379.01
3,93,1925,2021-05-30,26,0,2,919.34
3,183,1928,2021-05-14,26,0,3,1379.01
4,320,1968,2021-05-14,26,0,5,2298.35
4,98,1148,2021-05-14,56,1,6,2707.62
7,322,1525,2021-05-19,56,0,11,4963.97
6,261,1696,2021-05-23,56,0,2,902.54
7,322,1799,2021-05-15,56,1,1,451.27
1,259,1988,2021-05-06,56,0,1,451.27
7,167,1065,2021-05-28,27,0,10,2975.00
3,141,1526,2021-05-03,27,1,2,595.00
4,30,1847,2021-05-12,27,1,10,2975.00
6,154,1926,2021-05-30,27,0,5,1487.50
3,339,1927,2021-05-30,27,0,5,1487.50
3,183,1928,2021-05-14,27,0,5,1487.50
3,213,1941,2021-05-14,27,0,1,297.50
4,158,2085,2021-05-22,27,0,9,2677.50
4,4,2100,2021-05-02,27,0,11,3272.50
6,304,1224,2021-05-04,12,0,6,2385.24
1,161,1579,2021-05-11,12,0,9,3577.86
2,250,1592,2021-05-18,12,0,11,4372.94
1,238,1621,2021-05-20,12,0,2,795.08
4,222,1666,2021-05-06,12,0,9,3577.86
6,12,2072,2021-05-04,12,0,10,3975.40
4,193,2105,2021-05-30,12,0,4,1590.16
6,38,1430,2021-05-06,18,0,9,5917.95
4,164,1593,2021-05-18,18,0,10,6575.50
6,326,1594,2021-05-18,18,0,10,6575.50
1,321,1929,2021-05-14,18,0,3,1972.65
1,258,1225,2021-05-04,23,1,8,6476.48
5,106,2044,2021-05-26,23,0,8,6476.48
6,12,2072,2021-05-04,23,0,4,3238.24
3,135,1073,2021-06-24,14,0,7,420.49
1,347,1098,2021-06-10,14,1,11,660.77
2,264,1116,2021-06-08,14,1,9,540.63
6,220,1601,2021-06-11,14,0,1,60.07
4,173,2143,2021-06-01,14,0,5,300.35
4,107,1502,2021-06-10,31,0,9,339.75
2,345,1577,2021-06-19,31,1,7,264.25
5,364,1608,2021-06-25,31,1,7,264.25
3,360,1638,2021-06-18,31,1,1,37.75
2,232,1676,2021-06-29,31,0,5,188.75
5,148,1882,2021-06-03,31,1,5,188.75
5,21,2011,2021-06-16,31,0,4,151.00
2,332,2089,2021-06-22,31,0,4,151.00
2,362,1520,2021-06-29,45,0,4,387.28
2,151,1792,2021-06-12,45,1,6,580.92
2,348,2090,2021-06-10,45,0,11,1065.02
1,347,1098,2021-06-10,29,1,11,476.19
7,331,1120,2021-06-09,29,1,4,173.16
7,34,1378,2021-06-17,29,1,10,432.90
2,10,1691,2021-06-01,29,0,5,216.45
6,127,1820,2021-06-26,29,0,3,129.87
2,158,2159,2021-06-08,29,1,2,86.58
1,44,2166,2021-06-21,29,0,5,216.45
6,182,1117,2021-06-08,35,1,8,166.96
1,174,1257,2021-06-21,35,1,11,229.57
5,85,1850,2021-06-04,35,1,2,41.74
7,241,2056,2021-06-19,35,1,10,208.70
4,333,1159,2021-06-20,57,0,8,125.52
3,198,1415,2021-06-16,57,0,6,94.14
4,106,1425,2021-06-22,57,1,3,47.07
2,345,1577,2021-06-19,57,1,10,156.90
7,362,1578,2021-06-19,57,0,11,172.59
5,355,1649,2021-06-16,57,0,10,156.90
2,332,2089,2021-06-22,57,0,9,141.21
3,20,2158,2021-06-08,57,0,1,15.69
2,264,1112,2021-06-10,36,1,8,70.40
2,167,1150,2021-06-20,36,0,6,52.80
3,354,1151,2021-06-16,36,0,5,44.00
7,253,1163,2021-06-26,36,0,2,17.60
3,22,1237,2021-06-13,36,0,1,8.80
4,106,1425,2021-06-22,36,1,2,17.60
4,352,1443,2021-06-15,36,0,2,17.60
1,353,1673,2021-06-29,36,1,9,79.20
7,353,1785,2021-06-15,36,1,11,96.80
6,127,1820,2021-06-26,36,0,7,61.60
7,342,1949,2021-06-03,36,0,1,8.80
7,331,1120,2021-06-09,48,1,2,5.20
7,367,1192,2021-06-29,48,0,3,7.80
7,43,1412,2021-06-29,48,0,11,28.60
6,333,1640,2021-06-10,48,0,5,13.00
1,235,2010,2021-06-16,48,1,10,26.00
1,249,2087,2021-06-10,48,0,9,23.40
2,332,2089,2021-06-22,48,0,5,13.00
6,131,1074,2021-06-03,5,0,9,90.00
6,223,1191,2021-06-29,5,0,6,60.00
4,350,1511,2021-06-11,5,0,11,110.00
2,345,1577,2021-06-19,5,1,10,100.00
1,114,2040,2021-06-26,5,1,8,80.00
5,134,1118,2021-06-08,32,0,6,119.94
5,65,1416,2021-06-16,32,1,11,219.89
6,33,1597,2021-06-11,32,0,10,199.90
3,305,1674,2021-06-29,32,0,2,39.98
1,369,1736,2021-06-30,32,1,7,139.93
1,356,1152,2021-06-16,37,0,9,2380.14
4,207,1298,2021-06-25,37,0,10,2644.60
1,43,1754,2021-06-20,37,0,1,264.46
5,132,1832,2021-06-29,37,0,4,1057.84
5,6,1884,2021-06-03,37,0,4,1057.84
4,75,2157,2021-06-01,37,0,7,1851.22
5,318,2165,2021-06-21,37,0,10,2644.60
6,131,1074,2021-06-03,20,0,2,1125.80
1,240,1321,2021-06-26,20,0,3,1688.70
6,220,1601,2021-06-11,20,0,8,4503.20
3,48,1849,2021-06-04,20,0,11,6191.90
3,146,1327,2021-06-01,25,0,3,1392.87
5,65,1416,2021-06-16,25,1,2,928.58
5,132,1832,2021-06-29,25,0,7,3250.03
2,332,2089,2021-06-22,25,0,2,928.58
4,75,2157,2021-06-01,25,0,10,4642.90
5,197,1377,2021-06-22,47,0,11,1378.63
2,72,1599,2021-06-11,47,1,10,1253.30
7,298,1685,2021-06-02,47,1,1,125.33
2,44,1693,2021-06-26,47,0,1,125.33
6,340,1160,2021-06-20,41,0,10,6053.90
5,85,1442,2021-06-12,41,1,9,5448.51
5,68,1783,2021-06-15,41,0,3,1816.17
4,24,1958,2021-06-03,41,1,5,3026.95
1,356,1152,2021-06-16,19,0,1,897.65
7,338,1405,2021-06-12,19,0,5,4488.25
1,43,1754,2021-06-20,19,0,10,8976.50
4,250,1773,2021-06-26,19,0,7,6283.55
1,259,2152,2021-06-02,19,1,6,5385.90
5,318,2165,2021-06-21,19,0,1,897.65
1,212,1296,2021-06-25,16,0,9,941.22
3,349,1331,2021-06-11,16,0,8,836.64
5,68,1783,2021-06-15,16,0,7,732.06
1,359,1819,2021-06-26,16,1,6,627.48
2,158,2159,2021-06-08,16,1,9,941.22
6,357,2169,2021-06-17,16,1,11,1150.38
6,340,1160,2021-06-20,55,0,9,51.21
7,359,1380,2021-06-17,55,1,2,11.38
5,21,1532,2021-06-02,55,1,5,28.45
5,148,1833,2021-06-29,55,1,5,28.45
1,259,2152,2021-06-02,55,1,9,51.21
2,264,1116,2021-06-08,1,1,8,26.64
3,329,1149,2021-06-20,1,0,3,9.99
5,337,1153,2021-06-16,1,0,6,19.98
5,306,1240,2021-06-12,1,0,11,36.63
6,50,1675,2021-06-29,1,1,11,36.63
1,235,2010,2021-06-16,1,1,3,9.99
2,158,2159,2021-06-08,1,1,4,13.32
5,274,1091,2021-06-30,53,0,3,8.07
7,123,1403,2021-06-12,53,0,2,5.38
1,359,1819,2021-06-26,53,1,11,29.59
7,361,1907,2021-06-18,53,0,4,10.76
6,328,1328,2021-06-10,59,0,1,4.50
7,34,1378,2021-06-17,59,1,11,49.50
2,345,1577,2021-06-19,59,1,5,22.50
2,370,1734,2021-06-30,59,0,6,27.00
7,361,1907,2021-06-18,59,0,2,9.00
3,204,1080,2021-06-08,15,0,2,11.00
7,359,1380,2021-06-17,15,1,4,22.00
7,23,1447,2021-06-04,15,1,10,55.00
7,362,1578,2021-06-19,15,0,3,16.50
1,164,1690,2021-06-01,15,1,8,44.00
5,256,1818,2021-06-30,15,0,7,38.50
3,48,1849,2021-06-04,15,0,10,55.00
5,6,1884,2021-06-03,15,0,6,33.00
4,173,2143,2021-06-01,15,0,6,33.00
3,20,2158,2021-06-08,15,0,4,22.00
1,341,1154,2021-06-16,9,0,1,2.69
4,124,1234,2021-06-20,9,1,10,26.90
1,212,1296,2021-06-25,9,0,3,8.07
5,159,1574,2021-06-24,9,0,1,2.69
2,72,1599,2021-06-11,9,1,4,10.76
7,177,1954,2021-06-03,9,1,4,10.76
1,55,1099,2021-06-10,10,0,5,24.35
5,134,1118,2021-06-08,10,0,7,34.09
1,203,1241,2021-06-12,10,0,10,48.70
7,338,1405,2021-06-12,10,0,5,24.35
4,106,1425,2021-06-22,10,1,7,34.09
2,232,1676,2021-06-29,10,0,11,53.57
3,299,1764,2021-06-09,10,0,5,24.35
4,194,1784,2021-06-15,10,0,7,34.09
6,127,1820,2021-06-26,10,0,9,43.83
6,132,1831,2021-06-29,10,1,11,53.57
7,361,1907,2021-06-18,10,0,10,48.70
2,351,2088,2021-06-13,10,1,4,19.48
2,348,2090,2021-06-10,10,0,6,29.22
6,357,2169,2021-06-17,10,1,10,48.70
5,134,1118,2021-06-08,11,0,2,19.98
3,354,1151,2021-06-16,11,0,3,29.97
7,338,1405,2021-06-12,11,0,7,69.93
2,12,1573,2021-06-24,11,0,5,49.95
3,360,1638,2021-06-18,11,1,11,109.89
1,43,1754,2021-06-20,11,0,1,9.99
2,314,1852,2021-06-03,11,1,11,109.89
7,361,1907,2021-06-18,11,0,6,59.94
7,241,2056,2021-06-19,11,1,2,19.98
2,46,1066,2021-06-17,28,1,4,31.20
3,168,1122,2021-06-15,28,1,5,39.00
1,356,1152,2021-06-16,28,0,5,39.00
1,73,1186,2021-06-04,28,0,1,7.80
5,269,1245,2021-06-24,28,0,10,78.00
3,88,1297,2021-06-25,28,0,6,46.80
1,346,1766,2021-06-10,28,1,5,39.00
6,266,1158,2021-06-26,8,0,3,7.95
1,73,1186,2021-06-04,8,0,7,18.55
3,280,1324,2021-06-16,8,0,6,15.90
7,123,1403,2021-06-12,8,0,2,5.30
7,298,1685,2021-06-02,8,1,5,13.25
1,164,1690,2021-06-01,8,1,10,26.50
2,301,2042,2021-06-26,8,1,4,10.60
3,255,1333,2021-06-11,54,1,9,22.95
5,149,1376,2021-06-19,54,1,10,25.50
4,352,1443,2021-06-15,54,0,11,28.05
4,107,1502,2021-06-10,54,0,10,25.50
6,220,1601,2021-06-11,54,0,4,10.20
3,48,1849,2021-06-04,54,0,1,2.55
7,123,1403,2021-06-12,49,0,7,18.55
2,292,1424,2021-06-22,49,0,1,2.65
6,50,1675,2021-06-29,49,1,11,29.15
2,44,1693,2021-06-26,49,0,1,2.65
2,170,1951,2021-06-03,49,1,2,5.30
7,34,1378,2021-06-17,38,1,4,11.20
4,350,1511,2021-06-11,38,0,8,22.40
3,272,1549,2021-06-06,38,0,7,19.60
5,364,1608,2021-06-25,38,1,9,25.20
3,299,1106,2021-06-29,30,0,6,23.82
6,328,1328,2021-06-10,30,0,8,31.76
7,108,1414,2021-06-16,30,0,8,31.76
5,364,1608,2021-06-25,30,1,1,3.97
6,133,1689,2021-06-08,30,0,9,35.73
1,359,1819,2021-06-26,30,1,4,15.88
7,177,1954,2021-06-03,30,1,1,3.97
5,21,2011,2021-06-16,30,0,4,15.88
4,173,2143,2021-06-01,30,0,4,15.88
2,158,2159,2021-06-08,30,1,1,3.97
1,55,1099,2021-06-10,43,0,8,38.96
5,277,1216,2021-06-02,43,0,9,43.83
3,349,1331,2021-06-11,43,0,10,48.70
4,248,1402,2021-06-12,43,0,8,38.96
5,65,1416,2021-06-16,43,1,6,29.22
2,362,1520,2021-06-29,43,0,9,43.83
5,340,1692,2021-06-01,43,1,1,4.87
5,68,1783,2021-06-15,43,0,7,34.09
7,342,1949,2021-06-03,43,0,3,14.61
1,330,2039,2021-06-26,43,0,5,24.35
1,259,2152,2021-06-02,43,1,3,14.61
1,73,1186,2021-06-04,60,0,2,10.34
5,65,1416,2021-06-16,60,1,4,20.68
2,292,1424,2021-06-22,60,0,6,31.02
7,273,1598,2021-06-11,60,0,6,31.02
5,6,1884,2021-06-03,60,0,7,36.19
7,361,1907,2021-06-18,60,0,2,10.34
3,168,1122,2021-06-15,24,1,8,45.36
7,338,1405,2021-06-12,24,0,3,17.01
7,23,1447,2021-06-04,24,1,7,39.69
5,355,1649,2021-06-16,24,0,11,62.37
1,330,2039,2021-06-26,24,0,6,34.02
3,20,2158,2021-06-08,24,0,4,22.68
4,195,1246,2021-06-24,21,1,10,59.90
6,328,1328,2021-06-10,21,0,1,5.99
7,123,1403,2021-06-12,21,0,2,11.98
3,365,1521,2021-06-26,21,0,1,5.99
5,270,1550,2021-06-06,21,1,5,29.95
2,10,1691,2021-06-01,21,0,10,59.90
1,346,1766,2021-06-10,21,1,2,11.98
5,256,1818,2021-06-30,21,0,11,65.89
1,249,2087,2021-06-10,21,0,3,17.97
5,270,1550,2021-06-06,3,1,2,12.90
2,10,1691,2021-06-01,3,0,3,19.35
1,43,1754,2021-06-20,3,0,8,51.60
6,266,1158,2021-06-26,39,0,8,52.16
3,57,1162,2021-06-26,39,0,7,45.64
1,212,1296,2021-06-25,39,0,8,52.16
7,123,1403,2021-06-12,39,0,3,19.56
2,292,1424,2021-06-22,39,0,4,26.08
1,345,1765,2021-06-10,39,0,3,19.56
6,132,1831,2021-06-29,39,1,3,19.56
5,79,2151,2021-06-13,39,1,10,65.20
7,351,1161,2021-06-26,44,0,1,6.89
5,65,1416,2021-06-16,44,1,9,62.01
2,151,1792,2021-06-12,44,1,1,6.89
1,359,1819,2021-06-26,44,1,7,48.23
7,101,1185,2021-06-04,4,0,8,57.12
1,212,1296,2021-06-25,4,0,3,21.42
3,146,1327,2021-06-01,4,0,9,64.26
3,255,1333,2021-06-11,4,1,7,49.98
4,248,1402,2021-06-12,4,0,1,7.14
1,359,1819,2021-06-26,4,1,10,71.40
2,240,2167,2021-06-21,4,0,5,35.70
2,167,1150,2021-06-20,40,0,6,45.00
5,337,1153,2021-06-16,40,0,4,30.00
3,57,1162,2021-06-26,40,0,1,7.50
7,108,1414,2021-06-16,40,0,5,37.50
7,362,1578,2021-06-19,40,0,6,45.00
5,355,1649,2021-06-16,40,0,3,22.50
4,194,1784,2021-06-15,40,0,7,52.50
5,18,1891,2021-06-27,40,0,11,82.50
2,158,2159,2021-06-08,40,1,4,30.00
5,134,1118,2021-06-08,51,0,7,54.60
5,232,1121,2021-06-09,51,0,9,70.20
3,155,1181,2021-06-17,51,0,9,70.20
7,367,1192,2021-06-29,51,0,10,78.00
5,149,1376,2021-06-19,51,1,7,54.60
5,21,1532,2021-06-02,51,1,1,7.80
7,362,1578,2021-06-19,51,0,6,46.80
7,321,1637,2021-06-18,51,0,10,78.00
2,240,2167,2021-06-21,51,0,8,62.40
2,232,1676,2021-06-29,46,0,11,87.89
2,151,1792,2021-06-12,46,1,8,63.92
2,351,2088,2021-06-13,46,1,1,7.99
3,146,1327,2021-06-01,2,0,4,173.04
3,255,1333,2021-06-11,2,1,1,43.26
7,123,1403,2021-06-12,2,0,6,259.56
3,323,1600,2021-06-11,2,0,6,259.56
7,241,2056,2021-06-19,2,1,3,129.78
1,44,2166,2021-06-21,2,0,1,43.26
5,232,1121,2021-06-09,34,0,9,809.73
7,195,1389,2021-06-30,34,0,4,359.88
5,85,1442,2021-06-12,34,1,5,449.85
3,323,1600,2021-06-11,34,0,10,899.70
1,369,1736,2021-06-30,34,1,4,359.88
4,250,1773,2021-06-26,34,0,8,719.76
1,249,2087,2021-06-10,34,0,7,629.79
5,337,1153,2021-06-16,22,0,5,29.95
6,266,1158,2021-06-26,22,0,6,35.94
5,306,1240,2021-06-12,22,0,4,23.96
4,195,1246,2021-06-24,22,1,8,47.92
1,164,1690,2021-06-01,22,1,8,47.92
4,344,2122,2021-06-08,22,1,9,53.91
2,264,1116,2021-06-08,33,1,2,39.88
1,356,1152,2021-06-16,33,0,2,39.88
1,240,1321,2021-06-26,33,0,6,119.64
4,143,1332,2021-06-11,33,1,7,139.58
6,220,1601,2021-06-11,33,0,7,139.58
5,340,1692,2021-06-01,33,1,5,99.70
4,344,2122,2021-06-08,33,1,7,139.58
3,57,1162,2021-06-26,7,0,3,137.67
6,358,1182,2021-06-17,7,1,10,458.90
3,88,1297,2021-06-25,7,0,4,183.56
1,349,1334,2021-06-11,7,0,2,91.78
7,273,1598,2021-06-11,7,0,10,458.90
6,333,1640,2021-06-10,7,0,2,91.78
2,267,1663,2021-06-24,7,1,7,321.23
1,164,1690,2021-06-01,7,1,3,137.67
2,370,1734,2021-06-30,7,0,5,229.45
6,132,1831,2021-06-29,7,1,7,321.23
3,48,1849,2021-06-04,7,0,8,367.12
1,235,2010,2021-06-16,7,1,4,183.56
3,363,2057,2021-06-19,7,0,5,229.45
5,85,1442,2021-06-12,42,1,6,1012.56
3,366,1451,2021-06-27,42,0,11,1856.36
2,72,1599,2021-06-11,42,1,9,1518.84
4,250,1773,2021-06-26,42,0,10,1687.60
4,311,1983,2021-06-17,42,0,3,506.28
1,173,2168,2021-06-17,42,0,10,1687.60
1,343,1115,2021-06-19,52,1,1,65.49
3,22,1237,2021-06-13,52,0,1,65.49
4,106,1425,2021-06-22,52,1,6,392.94
5,355,1649,2021-06-16,52,0,10,654.90
3,305,1674,2021-06-29,52,0,7,458.43
1,119,1739,2021-06-10,52,0,1,65.49
5,256,1818,2021-06-30,52,0,2,130.98
2,301,2042,2021-06-26,52,1,6,392.94
1,44,2166,2021-06-21,52,0,1,65.49
6,223,1191,2021-06-29,58,0,2,259.98
3,343,1206,2021-06-04,58,0,4,519.96
4,350,1511,2021-06-11,58,0,3,389.97
5,270,1550,2021-06-06,58,1,9,1169.91
7,321,1637,2021-06-18,58,0,2,259.98
2,345,1577,2021-06-19,50,1,2,158.92
2,72,1599,2021-06-11,50,1,9,715.14
3,48,1849,2021-06-04,50,0,4,317.84
7,177,1954,2021-06-03,50,1,4,317.84
4,75,2157,2021-06-01,50,0,10,794.60
1,44,2166,2021-06-21,50,0,11,874.06
2,46,1066,2021-06-17,13,1,1,86.99
1,356,1152,2021-06-16,13,0,1,86.99
5,149,1376,2021-06-19,13,1,3,260.97
1,369,1736,2021-06-30,13,1,6,521.94
1,43,1754,2021-06-20,13,0,1,86.99
5,85,1850,2021-06-04,13,1,3,260.97
7,367,1192,2021-06-29,17,0,11,3926.89
4,106,1425,2021-06-22,17,1,3,1070.97
1,353,1673,2021-06-29,17,1,10,3569.90
2,368,1735,2021-06-30,17,0,6,2141.94
5,79,2151,2021-06-13,17,1,9,3212.91
1,44,2166,2021-06-21,17,0,8,2855.92
7,101,1185,2021-06-04,26,0,4,1838.68
7,108,1414,2021-06-16,26,0,9,4137.03
5,21,1532,2021-06-02,26,1,4,1838.68
7,361,1907,2021-06-18,26,0,6,2758.02
2,160,2041,2021-06-26,26,0,11,5056.37
7,331,1120,2021-06-09,56,1,8,3610.16
1,355,1233,2021-06-20,56,0,4,1805.08
1,256,1388,2021-06-30,56,0,2,902.54
1,43,1754,2021-06-20,56,0,10,4512.70
2,314,1852,2021-06-03,56,1,10,4512.70
6,205,1955,2021-06-03,56,1,8,3610.16
7,241,2056,2021-06-19,56,1,4,1805.08
7,155,1215,2021-06-02,27,1,2,595.00
6,132,1831,2021-06-29,27,1,10,2975.00
1,356,1152,2021-06-16,12,0,8,3180.32
7,253,1163,2021-06-26,12,0,1,397.54
1,174,1257,2021-06-21,12,1,9,3577.86
1,212,1296,2021-06-25,12,0,11,4372.94
4,143,1332,2021-06-11,12,1,10,3975.40
5,256,1818,2021-06-30,12,0,3,1192.62
5,6,1884,2021-06-03,12,0,9,3577.86
5,337,1153,2021-06-16,18,0,4,2630.20
3,191,1379,2021-06-17,18,1,3,1972.65
7,23,1447,2021-06-04,18,1,2,1315.10
6,326,1488,2021-06-04,18,1,9,5917.95
2,44,1693,2021-06-26,18,0,4,2630.20
4,250,1773,2021-06-26,18,0,10,6575.50
3,230,1092,2021-06-24,23,0,3,2428.68
5,179,1572,2021-06-24,23,1,1,809.56
4,138,1576,2021-06-19,23,1,4,3238.24
3,360,1638,2021-06-18,23,1,10,8095.60
6,50,1675,2021-06-29,23,1,5,4047.80
2,351,2088,2021-06-13,23,1,9,7286.04
2,59,1284,2021-07-03,14,0,7,420.49
7,51,1285,2021-07-03,14,0,3,180.21
4,156,1316,2021-07-28,14,0,11,660.77
2,368,1336,2021-07-20,14,0,5,300.35
2,125,1386,2021-07-16,14,1,4,240.28
7,336,1626,2021-07-23,14,0,5,300.35
1,278,1756,2021-07-27,14,0,5,300.35
7,1,1795,2021-07-15,14,1,10,600.70
5,259,2053,2021-07-21,14,0,9,540.63
7,335,1084,2021-07-08,31,1,4,151.00
5,366,1826,2021-07-17,31,0,9,339.75
4,126,1829,2021-07-31,31,1,7,264.25
1,291,1975,2021-07-21,31,0,1,37.75
1,246,1977,2021-07-21,31,0,8,302.00
6,63,2115,2021-07-14,31,0,1,37.75
2,131,1113,2021-07-21,45,1,2,193.64
2,59,1284,2021-07-03,45,0,8,774.56
3,27,1560,2021-07-18,45,0,8,774.56
1,147,1561,2021-07-18,45,1,6,580.92
2,375,1713,2021-07-21,45,0,7,677.74
6,220,1715,2021-07-21,45,0,10,968.20
1,278,1756,2021-07-27,45,0,1,96.82
5,366,1826,2021-07-17,45,0,7,677.74
6,342,1978,2021-07-21,45,0,7,677.74
3,320,2005,2021-07-31,45,1,5,484.10
2,351,1262,2021-07-03,29,0,9,389.61
4,126,1829,2021-07-31,29,1,4,173.16
2,247,1853,2021-07-07,29,0,8,346.32
6,363,2171,2021-07-25,29,0,2,86.58
3,31,1446,2021-07-10,35,1,10,208.70
1,275,1483,2021-07-10,35,0,6,125.22
4,187,1828,2021-07-17,35,0,1,20.87
6,363,2171,2021-07-25,35,0,3,62.61
3,196,1387,2021-07-09,57,0,10,156.90
3,196,1892,2021-07-03,57,0,8,125.52
5,259,2053,2021-07-21,57,0,7,109.83
1,1,1110,2021-07-30,36,0,10,88.00
1,275,1483,2021-07-10,36,0,2,17.60
6,220,1715,2021-07-21,36,0,5,44.00
1,278,1756,2021-07-27,36,0,9,79.20
7,33,1064,2021-07-16,48,0,8,20.80
2,35,1071,2021-07-06,48,1,6,15.60
4,302,1210,2021-07-03,48,0,3,7.80
1,253,1322,2021-07-09,48,0,6,15.60
7,52,1437,2021-07-25,48,1,2,5.20
1,275,1483,2021-07-10,48,0,8,20.80
4,338,1603,2021-07-05,48,0,1,2.60
1,353,1627,2021-07-23,48,0,4,10.40
7,322,1757,2021-07-27,48,0,1,2.60
3,196,1892,2021-07-03,48,0,8,20.80
4,331,2017,2021-07-25,48,0,6,15.60
1,150,2050,2021-07-18,48,0,8,20.80
6,281,1338,2021-07-20,5,1,10,100.00
2,125,1386,2021-07-16,5,1,4,40.00
7,95,1642,2021-07-17,5,1,6,60.00
6,7,1720,2021-07-29,5,0,8,80.00
3,343,1827,2021-07-17,5,0,5,50.00
2,247,1853,2021-07-07,5,0,5,50.00
7,180,2007,2021-07-21,5,0,7,70.00
4,171,1136,2021-07-23,32,1,10,199.90
6,194,1509,2021-07-03,32,0,5,99.95
3,357,1855,2021-07-07,32,0,6,119.94
7,235,1980,2021-07-21,32,1,6,119.94
7,376,2126,2021-07-14,32,0,1,19.99
3,280,1255,2021-07-08,37,0,3,793.38
3,196,1387,2021-07-09,37,0,1,264.46
3,343,1827,2021-07-17,37,0,8,2115.68
1,291,1975,2021-07-21,37,0,10,2644.60
4,125,2114,2021-07-14,37,1,9,2380.14
5,144,1184,2021-07-09,20,0,5,2814.50
3,275,1318,2021-07-31,20,0,8,4503.20
5,370,1340,2021-07-20,20,1,9,5066.10
7,52,1437,2021-07-25,20,1,1,562.90
4,264,1489,2021-07-22,20,0,8,4503.20
3,239,1825,2021-07-17,20,1,8,4503.20
4,212,1887,2021-07-09,20,1,5,2814.50
7,135,2018,2021-07-25,20,1,3,1688.70
1,371,2117,2021-07-14,20,0,11,6191.90
7,172,2163,2021-07-03,20,0,3,1688.70
4,171,1136,2021-07-23,25,1,10,4642.90
1,96,1337,2021-07-20,25,0,11,5107.19
2,322,1339,2021-07-20,25,0,10,4642.90
7,135,2018,2021-07-25,25,1,4,1857.16
4,380,2153,2021-07-30,25,0,4,1857.16
4,171,1136,2021-07-23,47,1,9,1127.97
6,194,1509,2021-07-03,47,0,9,1127.97
4,369,1717,2021-07-29,47,1,5,626.65
6,282,1604,2021-07-05,41,0,9,5448.51
2,187,1605,2021-07-05,41,0,4,2421.56
4,288,1796,2021-07-15,41,1,6,3632.34
2,347,1889,2021-07-09,41,1,3,1816.17
3,196,1892,2021-07-03,41,0,9,5448.51
1,323,2116,2021-07-14,41,0,1,605.39
3,314,1086,2021-07-08,19,0,4,3590.60
3,275,1318,2021-07-31,19,0,1,897.65
7,315,1517,2021-07-03,19,0,7,6283.55
2,375,1713,2021-07-21,19,0,11,9874.15
3,320,2005,2021-07-31,19,1,8,7181.20
3,63,2006,2021-07-21,19,0,5,4488.25
5,259,2053,2021-07-21,19,0,10,8976.50
6,229,2147,2021-07-15,19,1,5,4488.25
7,172,2163,2021-07-03,19,0,2,1795.30
3,31,1446,2021-07-10,16,1,3,313.74
1,125,1490,2021-07-08,16,0,6,627.48
7,322,1757,2021-07-27,16,0,7,732.06
3,357,1855,2021-07-07,16,0,8,836.64
4,212,1887,2021-07-09,16,1,9,941.22
7,344,1888,2021-07-09,16,0,9,941.22
1,36,1085,2021-07-08,55,0,1,5.69
1,331,1107,2021-07-20,55,1,2,11.38
6,244,1254,2021-07-08,55,0,4,22.76
4,19,1267,2021-07-29,55,1,11,62.59
2,244,1304,2021-07-15,55,0,4,22.76
2,296,1558,2021-07-18,55,0,1,5.69
3,378,1714,2021-07-21,55,0,8,45.52
4,212,1887,2021-07-09,55,1,1,5.69
5,64,2113,2021-07-14,55,1,1,5.69
1,231,2125,2021-07-14,55,1,11,62.59
2,83,2148,2021-07-02,55,0,8,45.52
3,375,1869,2021-07-13,1,0,2,6.66
4,287,1979,2021-07-21,1,0,6,19.98
4,82,2127,2021-07-14,1,1,2,6.66
5,144,1184,2021-07-09,53,0,8,21.52
4,377,1269,2021-07-29,53,0,5,13.45
7,303,1508,2021-07-03,53,0,1,2.69
4,272,1530,2021-07-03,53,0,1,2.69
3,239,1825,2021-07-17,53,1,6,16.14
1,96,1337,2021-07-20,59,0,3,13.50
1,371,1529,2021-07-03,59,0,9,40.50
5,138,1609,2021-07-21,59,0,4,18.00
2,144,1645,2021-07-08,59,0,11,49.50
1,278,1756,2021-07-27,59,0,2,9.00
7,322,1757,2021-07-27,59,0,9,40.50
3,343,1827,2021-07-17,59,0,8,36.00
1,100,2051,2021-07-18,59,0,7,31.50
1,231,2125,2021-07-14,59,1,7,31.50
3,202,2128,2021-07-14,59,0,5,22.50
1,321,1793,2021-07-15,15,0,5,27.50
6,16,1940,2021-07-31,15,0,8,44.00
4,287,1979,2021-07-21,15,0,8,44.00
7,135,2018,2021-07-25,15,1,6,33.00
1,323,2116,2021-07-14,15,0,2,11.00
1,231,2125,2021-07-14,15,1,11,60.50
4,148,2149,2021-07-02,15,0,8,44.00
3,363,1303,2021-07-15,9,0,3,8.07
3,27,1560,2021-07-18,9,0,4,10.76
1,147,1561,2021-07-18,9,1,5,13.45
4,292,1644,2021-07-17,9,0,9,24.21
7,1,1795,2021-07-15,9,1,9,24.21
2,368,1854,2021-07-07,9,1,1,2.69
4,365,1857,2021-07-07,9,1,5,13.45
7,274,2049,2021-07-18,9,1,9,24.21
4,148,2149,2021-07-02,9,0,5,13.45
2,368,1336,2021-07-20,10,0,10,48.70
4,272,1530,2021-07-03,10,0,6,29.22
4,53,1652,2021-07-17,10,0,7,34.09
6,130,1315,2021-07-28,11,0,5,49.95
6,7,1720,2021-07-29,11,0,9,89.91
4,288,1796,2021-07-15,11,1,7,69.93
6,45,1797,2021-07-15,11,1,7,69.93
4,125,2114,2021-07-14,11,1,3,29.97
7,72,1072,2021-07-06,28,0,9,70.20
2,27,1317,2021-07-28,28,0,1,7.80
4,338,1603,2021-07-05,28,0,4,31.20
7,235,1980,2021-07-21,28,1,3,23.40
7,180,2007,2021-07-21,28,0,6,46.80
1,371,2117,2021-07-14,28,0,11,85.80
1,253,1322,2021-07-09,8,0,10,26.50
3,31,1446,2021-07-10,8,1,7,18.55
3,343,1827,2021-07-17,8,0,7,18.55
3,357,1855,2021-07-07,8,0,6,15.90
7,180,2007,2021-07-21,8,0,7,18.55
6,63,2115,2021-07-14,8,0,7,18.55
7,377,2119,2021-07-14,8,1,9,23.85
7,86,1320,2021-07-29,54,0,3,7.65
6,280,1360,2021-07-03,54,1,4,10.20
4,272,1530,2021-07-03,54,0,9,22.95
2,379,1582,2021-07-27,54,0,10,25.50
4,288,1796,2021-07-15,54,1,11,28.05
4,187,1828,2021-07-17,54,0,9,22.95
4,187,2035,2021-07-29,54,0,5,12.75
5,185,2123,2021-07-14,54,0,6,15.30
7,72,1072,2021-07-06,49,0,1,2.65
5,144,1184,2021-07-09,49,0,11,29.15
6,130,1315,2021-07-28,49,0,1,2.65
3,319,1346,2021-07-07,49,0,1,2.65
1,275,1483,2021-07-10,49,0,9,23.85
7,104,1729,2021-07-25,49,1,10,26.50
3,239,1825,2021-07-17,49,1,6,15.90
5,259,2053,2021-07-21,49,0,4,10.60
3,202,2128,2021-07-14,49,0,4,10.60
2,368,1336,2021-07-20,38,0,2,5.60
4,292,1644,2021-07-17,38,0,4,11.20
1,373,1898,2021-07-11,38,0,1,2.80
6,16,1940,2021-07-31,38,0,6,16.80
6,342,1978,2021-07-21,38,0,7,19.60
4,287,1979,2021-07-21,38,0,7,19.60
6,68,2161,2021-07-21,38,1,10,28.00
4,126,1829,2021-07-31,30,1,8,31.76
2,329,1856,2021-07-07,30,1,9,35.73
5,303,2019,2021-07-25,30,1,3,11.91
7,377,2119,2021-07-14,30,1,10,39.70
6,68,2161,2021-07-21,30,1,5,19.85
5,257,1504,2021-07-01,43,0,7,34.09
7,315,1517,2021-07-03,43,0,7,34.09
4,187,1828,2021-07-17,43,0,10,48.70
2,345,1868,2021-07-13,43,0,10,48.70
3,314,1086,2021-07-08,60,0,8,41.36
2,156,1211,2021-07-03,60,1,5,25.85
4,377,1269,2021-07-29,60,0,4,20.68
3,378,1714,2021-07-21,60,0,1,5.17
4,126,1829,2021-07-31,60,1,6,31.02
2,191,1939,2021-07-31,60,1,5,25.85
7,268,1974,2021-07-21,60,0,3,15.51
1,371,2117,2021-07-14,60,0,1,5.17
1,347,2118,2021-07-14,60,0,7,36.19
4,171,1136,2021-07-23,24,1,8,45.36
3,47,1335,2021-07-20,24,0,8,45.36
5,370,1340,2021-07-20,24,1,5,28.35
4,365,1857,2021-07-07,24,1,9,51.03
5,303,2019,2021-07-25,24,1,6,34.02
5,64,2113,2021-07-14,24,1,4,22.68
7,377,2119,2021-07-14,24,1,9,51.03
4,264,1489,2021-07-22,21,0,3,17.97
2,133,1503,2021-07-01,21,0,4,23.96
5,58,1510,2021-07-03,21,0,2,11.98
4,217,1612,2021-07-03,21,0,10,59.90
7,336,1626,2021-07-23,21,0,10,59.90
1,374,1688,2021-07-13,21,0,1,5.99
7,1,1795,2021-07-15,21,1,2,11.98
1,100,2051,2021-07-18,21,0,5,29.95
7,335,1084,2021-07-08,3,1,6,38.70
6,130,1315,2021-07-28,3,0,3,19.35
2,322,1339,2021-07-20,3,0,4,25.80
4,338,1603,2021-07-05,3,0,9,58.05
3,239,1825,2021-07-17,3,1,5,32.25
4,148,2149,2021-07-02,3,0,5,32.25
5,11,1108,2021-07-20,39,0,11,71.72
2,131,1113,2021-07-21,39,1,8,52.16
2,244,1304,2021-07-15,39,0,10,65.20
1,147,1561,2021-07-18,39,1,1,6.52
1,323,2116,2021-07-14,39,0,10,65.20
4,82,2127,2021-07-14,39,1,11,71.72
2,372,1183,2021-07-09,44,0,5,34.45
4,302,1210,2021-07-03,44,0,10,68.90
6,130,1315,2021-07-28,44,0,2,13.78
6,186,1319,2021-07-29,44,0,3,20.67
7,95,1642,2021-07-17,44,1,9,62.01
2,329,1856,2021-07-07,44,1,4,27.56
3,63,2006,2021-07-21,44,0,4,27.56
3,167,2021,2021-07-25,44,1,6,41.34
4,148,2149,2021-07-02,44,0,1,6.89
7,86,1320,2021-07-29,4,0,7,49.98
3,319,1346,2021-07-07,4,0,4,28.56
4,266,1519,2021-07-03,4,0,10,71.40
1,321,1793,2021-07-15,4,0,11,78.54
6,363,2171,2021-07-25,4,0,3,21.42
2,351,1262,2021-07-03,40,0,8,60.00
4,19,1267,2021-07-29,40,1,2,15.00
6,211,1518,2021-07-03,40,0,5,37.50
2,296,1558,2021-07-18,40,0,1,7.50
4,338,1603,2021-07-05,40,0,7,52.50
3,378,1714,2021-07-21,40,0,9,67.50
4,288,1796,2021-07-15,40,1,8,60.00
1,364,1858,2021-07-07,40,0,10,75.00
1,150,2050,2021-07-18,40,0,8,60.00
3,202,2128,2021-07-14,40,0,8,60.00
2,83,2148,2021-07-02,40,0,10,75.00
7,228,1890,2021-07-09,51,0,3,23.40
4,331,2017,2021-07-25,51,0,3,23.40
1,120,1256,2021-07-08,46,1,6,47.94
2,59,1284,2021-07-03,46,0,2,15.98
6,186,1319,2021-07-29,46,0,9,71.91
1,96,1337,2021-07-20,46,0,3,23.97
4,139,1559,2021-07-18,46,0,2,15.98
7,268,1974,2021-07-21,46,0,8,63.92
3,63,2006,2021-07-21,46,0,6,47.94
6,151,2124,2021-07-14,46,1,7,55.93
2,35,1071,2021-07-06,2,1,7,302.82
1,1,1110,2021-07-30,2,0,10,432.60
6,130,1315,2021-07-28,2,0,7,302.82
3,178,1904,2021-07-23,2,1,8,346.08
7,377,2119,2021-07-14,2,1,3,129.78
2,204,2142,2021-07-30,2,0,1,43.26
6,309,1177,2021-07-09,34,0,5,449.85
4,126,1829,2021-07-31,34,1,11,989.67
6,342,1978,2021-07-21,34,0,10,899.70
2,52,2020,2021-07-25,34,0,3,269.91
2,27,1317,2021-07-28,22,0,8,47.92
3,196,1387,2021-07-09,22,0,11,65.89
7,40,1648,2021-07-08,22,0,10,59.90
4,13,2146,2021-07-15,22,0,3,17.97
2,59,1284,2021-07-03,33,0,6,119.64
5,370,1340,2021-07-20,33,1,7,139.58
7,315,1517,2021-07-03,33,0,2,39.88
3,378,1714,2021-07-21,33,0,5,99.70
4,187,1828,2021-07-17,33,0,10,199.40
4,287,1979,2021-07-21,33,0,3,59.82
3,193,2008,2021-07-21,33,0,1,19.94
4,302,1210,2021-07-03,7,0,4,183.56
5,58,1510,2021-07-03,7,0,2,91.78
3,196,1892,2021-07-03,7,0,10,458.90
2,52,2020,2021-07-25,7,0,3,137.67
6,130,1315,2021-07-28,42,0,10,1687.60
6,211,1518,2021-07-03,42,0,3,506.28
5,316,1557,2021-07-18,42,0,4,675.04
6,45,1797,2021-07-15,42,1,6,1012.56
3,343,1827,2021-07-17,42,0,7,1181.32
4,187,1828,2021-07-17,42,0,1,168.76
4,126,1829,2021-07-31,42,1,11,1856.36
6,208,2054,2021-07-21,42,0,7,1181.32
1,36,1085,2021-07-08,52,0,4,261.96
1,120,1256,2021-07-08,52,1,2,130.98
3,31,1446,2021-07-10,52,1,3,196.47
6,211,1518,2021-07-03,52,0,5,327.45
4,369,1717,2021-07-29,52,1,4,261.96
6,7,1720,2021-07-29,52,0,10,654.90
6,16,1940,2021-07-31,52,0,3,196.47
6,208,2054,2021-07-21,52,0,9,589.41
2,244,1304,2021-07-15,58,0,1,129.99
4,156,1316,2021-07-28,58,0,5,649.95
5,58,1510,2021-07-03,58,0,6,779.94
6,211,1518,2021-07-03,58,0,8,1039.92
2,144,1645,2021-07-08,58,0,5,649.95
6,25,1794,2021-07-15,58,1,10,1299.90
6,45,1797,2021-07-15,58,1,8,1039.92
1,347,2118,2021-07-14,58,0,8,1039.92
6,244,1254,2021-07-08,50,0,10,794.60
2,368,1854,2021-07-07,50,1,3,238.38
6,16,1940,2021-07-31,50,0,2,158.92
4,287,1979,2021-07-21,50,0,8,635.68
3,193,2008,2021-07-21,50,0,7,556.22
1,100,2051,2021-07-18,50,0,10,794.60
3,314,1086,2021-07-08,13,0,2,173.98
3,31,1446,2021-07-10,13,1,4,347.96
4,266,1519,2021-07-03,13,0,2,173.98
3,357,1855,2021-07-07,13,0,2,173.98
6,334,1875,2021-07-06,13,0,8,695.92
5,303,2019,2021-07-25,13,1,8,695.92
4,377,1269,2021-07-29,17,0,6,2141.94
4,272,1530,2021-07-03,17,0,2,713.98
2,187,1605,2021-07-05,17,0,11,3926.89
6,25,1794,2021-07-15,17,1,4,1427.96
3,320,2005,2021-07-31,17,1,7,2498.93
5,64,2113,2021-07-14,17,1,4,1427.96
3,5,1242,2021-07-11,26,0,10,4596.70
6,301,1543,2021-07-31,26,0,3,1379.01
4,197,1687,2021-07-13,26,0,1,459.67
4,126,1829,2021-07-31,26,1,5,2298.35
6,208,2054,2021-07-21,26,0,6,2758.02
2,238,1205,2021-07-07,56,0,10,4512.70
7,315,1517,2021-07-03,56,0,2,902.54
6,211,1518,2021-07-03,56,0,7,3158.89
7,344,1888,2021-07-09,56,0,10,4512.70
1,246,1977,2021-07-21,56,0,10,4512.70
4,13,2146,2021-07-15,56,0,7,3158.89
6,130,1315,2021-07-28,27,0,4,1190.00
1,353,1627,2021-07-23,27,0,11,3272.50
1,364,1858,2021-07-07,27,0,3,892.50
7,86,1320,2021-07-29,12,0,8,3180.32
3,47,1335,2021-07-20,12,0,7,2782.78
2,125,1386,2021-07-16,12,1,5,1987.70
4,34,1413,2021-07-11,12,0,7,2782.78
5,58,1510,2021-07-03,12,0,4,1590.16
3,260,1606,2021-07-05,12,0,7,2782.78
4,197,1687,2021-07-13,12,0,9,3577.86
6,186,1319,2021-07-29,18,0,3,1972.65
3,378,1714,2021-07-21,18,0,2,1315.10
4,187,1828,2021-07-17,18,0,6,3945.30
3,196,1892,2021-07-03,18,0,9,5917.95
2,372,1183,2021-07-09,23,0,5,4047.80
6,186,1319,2021-07-29,23,0,9,7286.04
7,52,1437,2021-07-25,23,1,9,7286.04
6,233,1486,2021-07-20,23,0,2,1619.12
3,27,1560,2021-07-18,23,0,2,1619.12
2,379,1582,2021-07-27,23,0,10,8095.60
1,278,1756,2021-07-27,23,0,3,2428.68
4,13,2146,2021-07-15,23,0,5,4047.80
7,60,1105,2021-01-23,6,0,3,46.92
1,46,1134,2021-01-21,6,0,6,93.84
5,5,1221,2021-01-02,6,0,1,15.64
6,82,1445,2021-01-30,6,1,3,46.92
1,73,1554,2021-01-29,6,1,1,15.64
2,8,1708,2021-01-06,6,1,6,93.84
5,57,1913,2021-01-23,6,1,2,31.28
6,72,2048,2021-01-29,6,1,7,109.48
5,144,1541,2021-02-25,6,0,2,31.28
3,98,2024,2021-02-05,6,0,1,15.64
6,112,2059,2021-02-13,6,0,5,78.20
3,95,2108,2021-02-03,6,0,9,140.76
6,143,2129,2021-02-25,6,1,4,62.56
2,42,1292,2021-03-16,6,0,7,109.48
3,243,1310,2021-03-31,6,1,4,62.56
1,153,1382,2021-03-02,6,0,10,156.40
3,196,1467,2021-03-13,6,0,1,15.64
6,4,1468,2021-03-13,6,0,6,93.84
3,214,1760,2021-03-21,6,0,3,46.92
6,198,1834,2021-03-28,6,0,5,78.20
2,232,1839,2021-03-28,6,0,6,93.84
4,266,1157,2021-04-10,6,1,3,46.92
6,184,1300,2021-04-11,6,0,3,46.92
1,273,1428,2021-04-30,6,1,9,140.76
6,276,1491,2021-04-16,6,1,8,125.12
4,177,1846,2021-05-12,6,1,2,31.28
2,190,1119,2021-06-09,6,0,3,46.92
3,236,1239,2021-06-13,6,1,4,62.56
2,362,1520,2021-06-29,6,0,8,125.12
3,360,1638,2021-06-18,6,1,2,31.28
5,341,1948,2021-06-03,6,0,2,31.28
5,15,2055,2021-06-15,6,0,11,172.04
4,156,1316,2021-07-28,6,0,8,125.12
2,125,1386,2021-07-16,6,1,6,93.84
4,376,1417,2021-07-29,6,1,3,46.92
2,9,1178,2021-01-07,19,0,10,8976.50
6,9,1104,2021-01-22,3,1,4,25.80
7,216,1823,2021-03-23,52,1,1,65.49
2,312,1393,2021-05-13,35,0,10,208.70
1,9,2000,2021-05-12,59,1,8,36.00
1,9,2000,2021-05-12,4,1,2,14.28
2,312,1393,2021-05-13,22,0,3,17.97
1,9,2000,2021-05-12,7,1,4,183.56
2,312,1393,2021-05-13,56,0,10,4512.70
2,312,1393,2021-05-13,23,0,1,809.56
4,216,1957,2021-06-03,29,1,8,346.32
4,216,1957,2021-06-03,36,1,9,79.20
3,216,1251,2021-06-11,10,0,2,9.74
3,216,1251,2021-06-11,56,0,4,1805.08
5,312,2033,2021-07-24,29,0,11,476.19
2,312,1393,2021-05-13,6,0,2,31.28
